id,nombre,fecha_nacimiento,pasaporte,codigo_compania,vuelo_id,licencia
1,Jason Edwards,09-02-1975,J22810925,ADC,41,45
2,Matthew Walsh,20-09-1993,S26547035,EAL,77,12
3,Jacob Duran,25-02-1988,A85793465,LAM,129,17
4,Danny Pratt,31-10-1998,E10934506,EAL,103,36
5,Jacob Duran,25-02-1988,A85793465,KAI,126,17
6,Jacob Duran,25-02-1988,A85793465,KEA,59,17
7,Danny Pratt,31-10-1998,E10934506,UCA,147,47
8,Jacob Duran,25-02-1988,A85793465,QAF,57,17
9,Jason Edwards,09-02-1975,J22810925,LRC,41,45
10,Jessica Harvey,08-04-1996,L89163667,UCA,143,37
11,Danny Pratt,31-10-1998,E10934506,ADC,8,47
12,Jason Edwards,09-02-1975,J22810925,MPH,6,15
13,Joe Cabrera,13-08-1994,O98651462,LAW,67,25
14,Danny Pratt,31-10-1998,E10934506,BTA,112,36
15,Danny Pratt,31-10-1998,E10934506,KAI,125,36
16,Jason Edwards,09-02-1975,J22810925,ADC,88,15
17,Matthew Walsh,20-09-1993,S26547035,LRC,77,12
18,Laura Ward,23-01-1981,I74549867,EAL,134,28
19,Jacob Duran,25-02-1988,A85793465,LAM,73,17
20,Latasha Nelson,09-05-1986,V51246373,MPH,48,49
21,Laura Ward,23-01-1981,I74549867,MPH,134,28
22,Laura Ward,23-01-1981,I74549867,ETA,134,28
23,Jason Edwards,09-02-1975,J22810925,IBE,64,15
24,Latasha Nelson,09-05-1986,V51246373,LRC,130,49
25,Alex Deleon,03-10-1979,A35692355,MPH,0,11
26,Jacob Duran,25-02-1988,A85793465,QAF,4,48
27,Danny Pratt,31-10-1998,E10934506,BTA,119,36
28,Jacob Duran,25-02-1988,A85793465,COG,126,17
29,Jacob Duran,25-02-1988,A85793465,BTA,52,48
30,Matthew Walsh,20-09-1993,S26547035,IBE,131,46
31,Linda Warren,13-03-1975,L01109034,ETA,14,50
32,Jason Edwards,09-02-1975,J22810925,LUD,88,45
33,Joe Cabrera,13-08-1994,O98651462,BTA,83,25
34,Latasha Nelson,09-05-1986,V51246373,LAW,82,49
35,Laura Ward,23-01-1981,I74549867,EAL,90,28
36,Jacob Duran,25-02-1988,A85793465,KEA,3,17
37,Danny Pratt,31-10-1998,E10934506,EAL,125,36
38,Jason Edwards,09-02-1975,J22810925,ETA,87,45
39,Jessica Harvey,08-04-1996,L89163667,UCA,19,37
40,Jessica Harvey,08-04-1996,L89163667,IBE,19,37
41,Jason Edwards,09-02-1975,J22810925,XLE,55,45
42,Jason Edwards,09-02-1975,J22810925,LAT,132,15
43,Jason Edwards,09-02-1975,J22810925,ETA,76,45
44,Jason Edwards,09-02-1975,J22810925,XLE,55,15
45,Jacob Duran,25-02-1988,A85793465,KAI,29,17
46,Kimberly Brown,02-09-1999,H50641909,COG,111,51
47,Jacob Duran,25-02-1988,A85793465,BTA,9,17
48,Jacob Duran,25-02-1988,A85793465,LAM,59,48
49,Ronald Monroe,12-09-1984,C02131672,QAF,121,41
50,Joe Cabrera,13-08-1994,O98651462,LAW,81,25
51,Alex Deleon,03-10-1979,A35692355,ETA,0,11
52,Jason Edwards,09-02-1975,J22810925,ADC,60,15
53,Danny Pratt,31-10-1998,E10934506,ADC,112,47
54,Jacob Duran,25-02-1988,A85793465,UAN,140,48
55,Jason Edwards,09-02-1975,J22810925,IBE,142,15
56,Jason Edwards,09-02-1975,J22810925,XLE,142,15
57,Gabriel Palmer,18-08-1981,O88716397,EAL,45,40
58,Jeffrey Roberts,02-12-1971,G16561693,KEA,114,19
59,Jason Edwards,09-02-1975,J22810925,XLE,80,15
60,Jason Edwards,09-02-1975,J22810925,ADC,41,15
61,Jason Edwards,09-02-1975,J22810925,LAT,142,45
62,Jacob Duran,25-02-1988,A85793465,KEA,140,17
63,Jason Edwards,09-02-1975,J22810925,IBE,100,15
64,Curtis Gutierrez,14-03-1974,Q46419538,AZI,133,7
65,Jason Edwards,09-02-1975,J22810925,LAT,107,45
66,Jason Edwards,09-02-1975,J22810925,LAM,88,15
67,Joe Cabrera,13-08-1994,O98651462,LAT,83,25
68,Jason Edwards,09-02-1975,J22810925,MPH,107,45
69,Jacob Duran,25-02-1988,A85793465,LAM,129,48
70,Latasha Nelson,09-05-1986,V51246373,NCY,110,49
71,Jacob Duran,25-02-1988,A85793465,QAF,86,17
72,Jason Edwards,09-02-1975,J22810925,UCA,107,45
73,Jacob Duran,25-02-1988,A85793465,QAF,86,48
74,Danny Pratt,31-10-1998,E10934506,BTA,141,47
75,Jason Edwards,09-02-1975,J22810925,LUD,87,45
76,Curtis Gutierrez,14-03-1974,Q46419538,ADC,136,7
77,Jessica Harvey,08-04-1996,L89163667,NCY,143,37
78,Linda Warren,13-03-1975,L01109034,XLE,26,50
79,Ronald Monroe,12-09-1984,C02131672,AZI,102,41
80,Jacob Duran,25-02-1988,A85793465,KEA,35,17
81,Jacob Duran,25-02-1988,A85793465,QAF,117,48
82,Jessica Harvey,08-04-1996,L89163667,IBE,40,37
83,Kimberly Brown,02-09-1999,H50641909,ADC,56,51
84,Jacob Duran,25-02-1988,A85793465,NCY,101,48
85,Danny Pratt,31-10-1998,E10934506,UCA,94,47
86,Curtis Gutierrez,14-03-1974,Q46419538,NCY,133,7
87,Jason Edwards,09-02-1975,J22810925,ETA,142,45
88,Jacob Duran,25-02-1988,A85793465,LAW,59,17
89,Jacob Duran,25-02-1988,A85793465,NCY,52,17
90,Danny Pratt,31-10-1998,E10934506,XLE,8,36
91,Danny Pratt,31-10-1998,E10934506,EAL,8,47
92,Jacob Duran,25-02-1988,A85793465,BTA,99,48
93,Joe Cabrera,13-08-1994,O98651462,KEA,91,25
94,Jacob Duran,25-02-1988,A85793465,AZI,3,48
95,Jessica Harvey,08-04-1996,L89163667,UCA,23,37
96,Jacob Duran,25-02-1988,A85793465,QAF,129,17
97,Danny Pratt,31-10-1998,E10934506,UCA,8,47
98,Kimberly Brown,02-09-1999,H50641909,ADC,53,51
99,Jessica Harvey,08-04-1996,L89163667,UCA,22,37
100,Danny Pratt,31-10-1998,E10934506,ADC,112,36
101,Jacob Duran,25-02-1988,A85793465,LAM,35,17
102,Jacob Duran,25-02-1988,A85793465,UAN,29,17
103,Latasha Nelson,09-05-1986,V51246373,MPH,110,49
104,Jacob Duran,25-02-1988,A85793465,LAW,15,48
105,Jason Edwards,09-02-1975,J22810925,UCA,55,15
106,Jessica Harvey,08-04-1996,L89163667,IBE,122,37
107,Danny Pratt,31-10-1998,E10934506,UCA,125,47
108,Jacob Duran,25-02-1988,A85793465,AZI,3,17
109,Jacob Duran,25-02-1988,A85793465,KEA,4,48
110,Linda Warren,13-03-1975,L01109034,ETA,17,50
111,Danny Pratt,31-10-1998,E10934506,ADC,127,47
112,Jacob Duran,25-02-1988,A85793465,COG,99,17
113,Kimberly Brown,02-09-1999,H50641909,ADC,124,22
114,Latasha Nelson,09-05-1986,V51246373,MPH,118,49
115,Jason Edwards,09-02-1975,J22810925,LAT,100,15
116,Jacob Duran,25-02-1988,A85793465,LAW,57,48
117,Jacob Duran,25-02-1988,A85793465,LAW,20,48
118,Jacob Duran,25-02-1988,A85793465,UAN,3,17
119,Jason Edwards,09-02-1975,J22810925,XLE,144,45
120,Jacob Duran,25-02-1988,A85793465,KEA,73,48
121,Jason Edwards,09-02-1975,J22810925,XLE,100,45
122,Jacob Duran,25-02-1988,A85793465,AZI,59,17
123,Ronald Monroe,12-09-1984,C02131672,LAM,30,41
124,Kimberly Brown,02-09-1999,H50641909,KAI,53,22
125,Curtis Gutierrez,14-03-1974,Q46419538,AZI,136,7
126,Laura Ward,23-01-1981,I74549867,COG,90,28
127,Jacob Duran,25-02-1988,A85793465,BTA,86,17
128,Jacob Duran,25-02-1988,A85793465,COG,73,48
129,Joe Cabrera,13-08-1994,O98651462,BTA,2,25
130,Jacob Duran,25-02-1988,A85793465,BTA,57,17
131,Danny Pratt,31-10-1998,E10934506,XLE,94,47
132,Jacob Duran,25-02-1988,A85793465,NCY,35,17
133,Joe Cabrera,13-08-1994,O98651462,KEA,83,25
134,Jason Edwards,09-02-1975,J22810925,LUD,144,15
135,Jacob Duran,25-02-1988,A85793465,BTA,29,17
136,Jason Edwards,09-02-1975,J22810925,LAM,76,45
137,Jason Edwards,09-02-1975,J22810925,XLE,132,45
138,Eric Phelps,01-10-1994,B96464671,ETA,95,35
139,Curtis Gutierrez,14-03-1974,Q46419538,KAI,28,7
140,Eric Phelps,01-10-1994,B96464671,IBE,63,35
141,Jason Edwards,09-02-1975,J22810925,UCA,144,45
142,Jessica Harvey,08-04-1996,L89163667,AZI,62,37
143,Jacob Duran,25-02-1988,A85793465,AZI,140,17
144,Ronald Monroe,12-09-1984,C02131672,QAF,109,41
145,Danny Pratt,31-10-1998,E10934506,EAL,141,47
146,Danny Pratt,31-10-1998,E10934506,BTA,138,36
147,Jacob Duran,25-02-1988,A85793465,NCY,123,48
148,Kimberly Brown,02-09-1999,H50641909,IBE,53,22
149,Kimberly Brown,02-09-1999,H50641909,COG,32,22
150,Jason Edwards,09-02-1975,J22810925,XLE,6,45
151,Danny Pratt,31-10-1998,E10934506,EAL,112,36
152,Jason Edwards,09-02-1975,J22810925,ETA,41,15
153,Jacob Duran,25-02-1988,A85793465,KEA,99,48
154,Jacob Duran,25-02-1988,A85793465,LAM,140,48
155,Linda Warren,13-03-1975,L01109034,LAW,69,50
156,Jacob Duran,25-02-1988,A85793465,LAW,35,17
157,Jeffrey Roberts,02-12-1971,G16561693,LUD,34,19
158,John Ross,16-03-1979,F40422038,BTA,31,29
159,Matthew Walsh,20-09-1993,S26547035,EAL,131,12
160,John Ross,16-03-1979,F40422038,UAN,65,29
161,Jacob Duran,25-02-1988,A85793465,LAM,126,48
162,Jacob Duran,25-02-1988,A85793465,EAL,99,48
163,Kimberly Brown,02-09-1999,H50641909,XLE,53,51
164,Jason Edwards,09-02-1975,J22810925,LAT,100,45
165,Linda Warren,13-03-1975,L01109034,ADC,69,50
166,Jason Edwards,09-02-1975,J22810925,ETA,87,15
167,Jacob Duran,25-02-1988,A85793465,QAF,29,48
168,Jason Edwards,09-02-1975,J22810925,UCA,64,45
169,Jason Edwards,09-02-1975,J22810925,XLE,41,45
170,Jacob Duran,25-02-1988,A85793465,NCY,126,48
171,Gabriel Palmer,18-08-1981,O88716397,LUD,5,31
172,Gabriel Palmer,18-08-1981,O88716397,UAN,45,31
173,Ronald Monroe,12-09-1984,C02131672,AZI,121,2
174,Danny Pratt,31-10-1998,E10934506,BTA,147,47
175,Jacob Duran,25-02-1988,A85793465,UAN,35,17
176,Danny Pratt,31-10-1998,E10934506,ADC,127,36
177,Danny Pratt,31-10-1998,E10934506,EAL,127,47
178,Gabriel Palmer,18-08-1981,O88716397,UAN,74,31
179,Danny Pratt,31-10-1998,E10934506,BTA,125,36
180,Jacob Duran,25-02-1988,A85793465,NCY,126,17
181,Ronald Monroe,12-09-1984,C02131672,COG,30,41
182,Danny Pratt,31-10-1998,E10934506,KAI,147,47
183,Jacob Duran,25-02-1988,A85793465,LAM,29,17
184,Latasha Nelson,09-05-1986,V51246373,LRC,44,49
185,Gabriel Palmer,18-08-1981,O88716397,LUD,45,40
186,Jacob Duran,25-02-1988,A85793465,KEA,86,17
187,Jason Edwards,09-02-1975,J22810925,IBE,100,45
188,Jacob Duran,25-02-1988,A85793465,LAM,86,17
189,Kimberly Brown,02-09-1999,H50641909,XLE,53,22
190,Curtis Gutierrez,14-03-1974,Q46419538,ADC,71,7
191,Jason Edwards,09-02-1975,J22810925,LAT,88,45
192,Jacob Duran,25-02-1988,A85793465,BTA,20,48
193,Curtis Gutierrez,14-03-1974,Q46419538,BTA,54,7
194,Danny Pratt,31-10-1998,E10934506,EAL,8,36
195,Jason Edwards,09-02-1975,J22810925,LAM,76,15
196,Linda Warren,13-03-1975,L01109034,ETA,37,50
197,Jacob Duran,25-02-1988,A85793465,COG,99,48
198,Jacob Duran,25-02-1988,A85793465,LAW,29,48
199,Jacob Duran,25-02-1988,A85793465,AZI,4,48
200,Ronald Monroe,12-09-1984,C02131672,QAF,102,2
201,Jessica Harvey,08-04-1996,L89163667,IBE,62,37
202,Danny Pratt,31-10-1998,E10934506,XLE,112,36
203,Jason Edwards,09-02-1975,J22810925,LUD,100,15
204,Jacob Duran,25-02-1988,A85793465,AZI,29,48
205,Jacob Duran,25-02-1988,A85793465,KAI,15,48
206,Gene Obrien,02-07-1999,Q49180524,KAI,137,0
207,Jacob Duran,25-02-1988,A85793465,NCY,35,48
208,Jacob Duran,25-02-1988,A85793465,QAF,20,17
209,Jacob Duran,25-02-1988,A85793465,KEA,117,48
210,Danny Pratt,31-10-1998,E10934506,XLE,21,47
211,Jason Edwards,09-02-1975,J22810925,ADC,107,45
212,Jacob Duran,25-02-1988,A85793465,UAN,59,17
213,Linda Warren,13-03-1975,L01109034,ADC,14,50
214,Kimberly Brown,02-09-1999,H50641909,COG,32,51
215,Danny Pratt,31-10-1998,E10934506,EAL,94,47
216,Ronald Monroe,12-09-1984,C02131672,COG,102,2
217,Jason Edwards,09-02-1975,J22810925,LAT,144,45
218,Jason Edwards,09-02-1975,J22810925,IBE,6,45
219,Jacob Duran,25-02-1988,A85793465,LAW,117,48
220,Jason Edwards,09-02-1975,J22810925,ETA,132,15
221,Danny Pratt,31-10-1998,E10934506,XLE,148,47
222,Jacob Duran,25-02-1988,A85793465,KAI,4,48
223,Jacob Duran,25-02-1988,A85793465,BTA,59,17
224,Ronald Monroe,12-09-1984,C02131672,AZI,50,2
225,Jeffrey Roberts,02-12-1971,G16561693,KEA,104,19
226,Matthew Walsh,20-09-1993,S26547035,IBE,131,12
227,Jason Edwards,09-02-1975,J22810925,LUD,132,45
228,Jacob Duran,25-02-1988,A85793465,COG,29,48
229,Jason Edwards,09-02-1975,J22810925,LAM,100,45
230,Jason Edwards,09-02-1975,J22810925,LRC,88,45
231,Jacob Duran,25-02-1988,A85793465,KEA,59,48
232,Linda Warren,13-03-1975,L01109034,XLE,135,50
233,Jason Edwards,09-02-1975,J22810925,LRC,88,15
234,Curtis Gutierrez,14-03-1974,Q46419538,BTA,71,7
235,Jason Edwards,09-02-1975,J22810925,ADC,6,45
236,Jacob Duran,25-02-1988,A85793465,BTA,29,48
237,Jacob Duran,25-02-1988,A85793465,EAL,1,48
238,Jacob Duran,25-02-1988,A85793465,EAL,15,17
239,Jason Edwards,09-02-1975,J22810925,ADC,87,45
240,Danny Pratt,31-10-1998,E10934506,ADC,125,36
241,Ronald Monroe,12-09-1984,C02131672,LAM,109,41
242,Jason Edwards,09-02-1975,J22810925,IBE,132,15
243,Ronald Monroe,12-09-1984,C02131672,QAF,121,2
244,Linda Warren,13-03-1975,L01109034,XLE,16,50
245,Jacob Duran,25-02-1988,A85793465,BTA,9,48
246,Jacob Duran,25-02-1988,A85793465,LAM,29,48
247,Alex Deleon,03-10-1979,A35692355,IBE,92,11
248,Jacob Duran,25-02-1988,A85793465,QAF,9,48
249,Jason Edwards,09-02-1975,J22810925,XLE,60,15
250,Jason Edwards,09-02-1975,J22810925,XLE,144,15
251,Gabriel Palmer,18-08-1981,O88716397,EAL,5,40
252,Alex Deleon,03-10-1979,A35692355,LAM,66,11
253,Curtis Gutierrez,14-03-1974,Q46419538,BTA,136,7
254,Jacob Duran,25-02-1988,A85793465,NCY,99,48
255,Jason Edwards,09-02-1975,J22810925,LAM,132,15
256,Jacob Duran,25-02-1988,A85793465,NCY,117,48
257,Danny Pratt,31-10-1998,E10934506,BTA,103,36
258,Jacob Duran,25-02-1988,A85793465,LAM,73,48
259,Jason Edwards,09-02-1975,J22810925,MPH,132,15
260,Jason Edwards,09-02-1975,J22810925,LRC,80,45
261,Kimberly Brown,02-09-1999,H50641909,IBE,56,51
262,Jason Edwards,09-02-1975,J22810925,ETA,55,45
263,Danny Pratt,31-10-1998,E10934506,BTA,94,47
264,Jessica Harvey,08-04-1996,L89163667,IBE,23,37
265,Kimberly Brown,02-09-1999,H50641909,KAI,32,51
266,Jason Edwards,09-02-1975,J22810925,UCA,80,15
267,Jacob Duran,25-02-1988,A85793465,LAM,15,17
268,Jacob Duran,25-02-1988,A85793465,COG,126,48
269,Jason Edwards,09-02-1975,J22810925,IBE,55,45
270,Laura Ward,23-01-1981,I74549867,ETA,89,28
271,Jacob Duran,25-02-1988,A85793465,COG,9,17
272,Joe Cabrera,13-08-1994,O98651462,COG,79,25
273,Danny Pratt,31-10-1998,E10934506,UCA,112,47
274,Jacob Duran,25-02-1988,A85793465,EAL,117,48
275,Jacob Duran,25-02-1988,A85793465,NCY,3,17
276,Kimberly Brown,02-09-1999,H50641909,COG,124,22
277,Ronald Monroe,12-09-1984,C02131672,LAM,109,2
278,Joe Cabrera,13-08-1994,O98651462,COG,67,25
279,Jason Edwards,09-02-1975,J22810925,LAM,107,15
280,Ronald Monroe,12-09-1984,C02131672,QAF,102,41
281,Ronald Monroe,12-09-1984,C02131672,LAM,106,2
282,Jason Edwards,09-02-1975,J22810925,ETA,132,45
283,Kimberly Brown,02-09-1999,H50641909,COG,36,22
284,Danny Pratt,31-10-1998,E10934506,BTA,38,47
285,Jason Edwards,09-02-1975,J22810925,ADC,80,45
286,Gene Obrien,02-07-1999,Q49180524,AZI,43,0
287,Jacob Duran,25-02-1988,A85793465,EAL,20,17
288,Kimberly Brown,02-09-1999,H50641909,IBE,139,22
289,Jacob Duran,25-02-1988,A85793465,LAW,117,17
290,Linda Warren,13-03-1975,L01109034,ADC,17,50
291,Linda Warren,13-03-1975,L01109034,XLE,14,50
292,Gene Obrien,02-07-1999,Q49180524,AZI,11,0
293,Gene Obrien,02-07-1999,Q49180524,KAI,43,0
294,Jacob Duran,25-02-1988,A85793465,LAM,9,17
295,Kimberly Brown,02-09-1999,H50641909,IBE,98,22
296,Jessica Harvey,08-04-1996,L89163667,LRC,143,37
297,Jacob Duran,25-02-1988,A85793465,QAF,126,17
298,Jason Edwards,09-02-1975,J22810925,LRC,6,15
299,Jason Edwards,09-02-1975,J22810925,IBE,107,45
300,Jacob Duran,25-02-1988,A85793465,COG,101,48
301,Alex Deleon,03-10-1979,A35692355,IBE,12,11
302,Danny Pratt,31-10-1998,E10934506,XLE,127,36
303,Jacob Duran,25-02-1988,A85793465,COG,59,17
304,Jason Edwards,09-02-1975,J22810925,UCA,60,15
305,Jason Edwards,09-02-1975,J22810925,LUD,60,45
306,Gabriel Palmer,18-08-1981,O88716397,LUD,45,31
307,Matthew Walsh,20-09-1993,S26547035,LAM,131,12
308,Danny Pratt,31-10-1998,E10934506,EAL,58,47
309,Jacob Duran,25-02-1988,A85793465,KEA,129,48
310,Kimberly Brown,02-09-1999,H50641909,IBE,84,22
311,Curtis Gutierrez,14-03-1974,Q46419538,AZI,71,7
312,Jacob Duran,25-02-1988,A85793465,BTA,140,48
313,Danny Pratt,31-10-1998,E10934506,ADC,147,36
314,Jacob Duran,25-02-1988,A85793465,NCY,101,17
315,Danny Pratt,31-10-1998,E10934506,ADC,38,47
316,Joe Cabrera,13-08-1994,O98651462,KEA,27,25
317,Eric Phelps,01-10-1994,B96464671,KEA,7,35
318,Kimberly Brown,02-09-1999,H50641909,IBE,36,51
319,Jacob Duran,25-02-1988,A85793465,LAM,20,48
320,Eric Phelps,01-10-1994,B96464671,XLE,7,35
321,Ronald Monroe,12-09-1984,C02131672,COG,108,41
322,Jacob Duran,25-02-1988,A85793465,AZI,20,48
323,Ronald Monroe,12-09-1984,C02131672,AZI,30,41
324,Danny Pratt,31-10-1998,E10934506,UCA,141,47
325,Kimberly Brown,02-09-1999,H50641909,KAI,84,51
326,Jacob Duran,25-02-1988,A85793465,UAN,123,48
327,Danny Pratt,31-10-1998,E10934506,ADC,8,36
328,Ronald Monroe,12-09-1984,C02131672,UAN,108,2
329,Jason Edwards,09-02-1975,J22810925,ADC,100,45
330,Linda Warren,13-03-1975,L01109034,ADC,18,50
331,Danny Pratt,31-10-1998,E10934506,EAL,119,47
332,Jacob Duran,25-02-1988,A85793465,AZI,35,48
333,Danny Pratt,31-10-1998,E10934506,XLE,138,47
334,Jacob Duran,25-02-1988,A85793465,UAN,99,48
335,Joe Cabrera,13-08-1994,O98651462,BTA,27,25
336,Curtis Gutierrez,14-03-1974,Q46419538,AZI,54,7
337,Jacob Duran,25-02-1988,A85793465,KEA,20,17
338,Gene Obrien,02-07-1999,Q49180524,KEA,115,0
339,Eric Phelps,01-10-1994,B96464671,IBE,25,35
340,Jason Edwards,09-02-1975,J22810925,LAT,80,45
341,Kimberly Brown,02-09-1999,H50641909,COG,84,51
342,Jason Edwards,09-02-1975,J22810925,MPH,100,45
343,Matthew Walsh,20-09-1993,S26547035,LAM,77,12
344,Curtis Gutierrez,14-03-1974,Q46419538,BTA,51,7
345,Jacob Duran,25-02-1988,A85793465,KEA,99,17
346,Kimberly Brown,02-09-1999,H50641909,ADC,139,51
347,Jacob Duran,25-02-1988,A85793465,NCY,59,17
348,Jacob Duran,25-02-1988,A85793465,QAF,123,48
349,Jason Edwards,09-02-1975,J22810925,LUD,80,45
350,Jason Edwards,09-02-1975,J22810925,IBE,76,45
351,Jacob Duran,25-02-1988,A85793465,BTA,140,17
352,Danny Pratt,31-10-1998,E10934506,ADC,141,47
353,Danny Pratt,31-10-1998,E10934506,XLE,119,36
354,Jessica Harvey,08-04-1996,L89163667,UCA,116,37
355,Jason Edwards,09-02-1975,J22810925,XLE,60,45
356,Danny Pratt,31-10-1998,E10934506,XLE,147,47
357,Jason Edwards,09-02-1975,J22810925,MPH,80,15
358,Linda Warren,13-03-1975,L01109034,ETA,16,50
359,Ronald Monroe,12-09-1984,C02131672,AZI,109,41
360,Jacob Duran,25-02-1988,A85793465,LAW,52,48
361,Jason Edwards,09-02-1975,J22810925,LAM,142,15
362,Ronald Monroe,12-09-1984,C02131672,LUD,106,41
363,Ronald Monroe,12-09-1984,C02131672,LAM,30,2
364,Jacob Duran,25-02-1988,A85793465,LAM,101,17
365,Joe Cabrera,13-08-1994,O98651462,KEA,105,25
366,Jacob Duran,25-02-1988,A85793465,KEA,73,17
367,Jacob Duran,25-02-1988,A85793465,KEA,126,48
368,Curtis Gutierrez,14-03-1974,Q46419538,ADC,28,7
369,Curtis Gutierrez,14-03-1974,Q46419538,BTA,128,7
370,Danny Pratt,31-10-1998,E10934506,UCA,94,36
371,Jason Edwards,09-02-1975,J22810925,ETA,41,45
372,Jacob Duran,25-02-1988,A85793465,QAF,9,17
373,Jacob Duran,25-02-1988,A85793465,KEA,126,17
374,Laura Ward,23-01-1981,I74549867,LAT,47,28
375,Jacob Duran,25-02-1988,A85793465,AZI,101,17
376,Jacob Duran,25-02-1988,A85793465,AZI,9,17
377,Jessica Harvey,08-04-1996,L89163667,LRC,23,37
378,Kimberly Brown,02-09-1999,H50641909,KAI,139,22
379,Latasha Nelson,09-05-1986,V51246373,LRC,82,49
380,Jacob Duran,25-02-1988,A85793465,KAI,57,17
381,Jessica Harvey,08-04-1996,L89163667,UCA,75,37
382,Jason Edwards,09-02-1975,J22810925,UCA,100,15
383,Linda Warren,13-03-1975,L01109034,NCY,135,50
384,Jacob Duran,25-02-1988,A85793465,BTA,59,48
385,Danny Pratt,31-10-1998,E10934506,UCA,58,47
386,Jacob Duran,25-02-1988,A85793465,KAI,59,48
387,Kimberly Brown,02-09-1999,H50641909,KAI,36,51
388,Eric Phelps,01-10-1994,B96464671,UCA,85,35
389,Curtis Gutierrez,14-03-1974,Q46419538,AZI,61,7
390,Jacob Duran,25-02-1988,A85793465,UAN,9,17
391,Jason Edwards,09-02-1975,J22810925,XLE,76,15
392,Latasha Nelson,09-05-1986,V51246373,LRC,96,49
393,Eric Phelps,01-10-1994,B96464671,KEA,93,35
394,Jason Edwards,09-02-1975,J22810925,ADC,144,45
395,Jason Edwards,09-02-1975,J22810925,MPH,41,45
396,Jacob Duran,25-02-1988,A85793465,KAI,101,17
397,Jessica Harvey,08-04-1996,L89163667,NCY,40,37
398,Danny Pratt,31-10-1998,E10934506,BTA,58,36
399,Jacob Duran,25-02-1988,A85793465,COG,140,17
400,Ronald Monroe,12-09-1984,C02131672,QAF,106,41
401,Jacob Duran,25-02-1988,A85793465,LAM,57,17
402,Jacob Duran,25-02-1988,A85793465,COG,3,48
403,Gabriel Palmer,18-08-1981,O88716397,UAN,5,31
404,Jacob Duran,25-02-1988,A85793465,BTA,35,17
405,Jacob Duran,25-02-1988,A85793465,EAL,73,17
406,Jacob Duran,25-02-1988,A85793465,EAL,101,48
407,Jason Edwards,09-02-1975,J22810925,XLE,64,45
408,Ronald Monroe,12-09-1984,C02131672,AZI,106,41
409,Jacob Duran,25-02-1988,A85793465,KEA,117,17
410,Jason Edwards,09-02-1975,J22810925,IBE,80,15
411,Jacob Duran,25-02-1988,A85793465,KEA,140,48
412,Jason Edwards,09-02-1975,J22810925,ETA,144,15
413,Latasha Nelson,09-05-1986,V51246373,LAW,44,49
414,Jacob Duran,25-02-1988,A85793465,NCY,3,48
415,Jacob Duran,25-02-1988,A85793465,EAL,126,17
416,Latasha Nelson,09-05-1986,V51246373,NCY,118,49
417,Jessica Harvey,08-04-1996,L89163667,IBE,22,37
418,Jacob Duran,25-02-1988,A85793465,BTA,73,48
419,Kimberly Brown,02-09-1999,H50641909,KAI,111,51
420,Danny Pratt,31-10-1998,E10934506,UCA,103,36
421,Kimberly Brown,02-09-1999,H50641909,XLE,98,51
422,Danny Pratt,31-10-1998,E10934506,XLE,8,47
423,Jacob Duran,25-02-1988,A85793465,AZI,129,48
424,Jacob Duran,25-02-1988,A85793465,KAI,73,17
425,Jacob Duran,25-02-1988,A85793465,COG,15,17
426,Jeffrey Roberts,02-12-1971,G16561693,IBE,10,19
427,Jacob Duran,25-02-1988,A85793465,COG,15,48
428,Jacob Duran,25-02-1988,A85793465,NCY,4,48
429,Jacob Duran,25-02-1988,A85793465,COG,4,48
430,Gene Obrien,02-07-1999,Q49180524,KEA,137,0
431,Jacob Duran,25-02-1988,A85793465,BTA,129,17
432,Jason Edwards,09-02-1975,J22810925,UCA,87,45
433,Jacob Duran,25-02-1988,A85793465,AZI,126,48
434,Jason Edwards,09-02-1975,J22810925,LRC,142,15
435,Jacob Duran,25-02-1988,A85793465,UAN,4,17
436,Alex Deleon,03-10-1979,A35692355,IBE,0,11
437,Danny Pratt,31-10-1998,E10934506,ADC,148,36
438,Curtis Gutierrez,14-03-1974,Q46419538,NCY,28,7
439,Jacob Duran,25-02-1988,A85793465,EAL,86,17
440,Kimberly Brown,02-09-1999,H50641909,ADC,124,51
441,Danny Pratt,31-10-1998,E10934506,UCA,138,36
442,Kimberly Brown,02-09-1999,H50641909,XLE,84,22
443,Jessica Harvey,08-04-1996,L89163667,LRC,22,37
444,Danny Pratt,31-10-1998,E10934506,BTA,119,47
445,Linda Warren,13-03-1975,L01109034,ETA,135,50
446,Jason Edwards,09-02-1975,J22810925,LAM,60,15
447,Jacob Duran,25-02-1988,A85793465,KAI,73,48
448,Gene Obrien,02-07-1999,Q49180524,KAI,11,0
449,Latasha Nelson,09-05-1986,V51246373,MPH,130,49
450,Kimberly Brown,02-09-1999,H50641909,KAI,139,51
451,Joe Cabrera,13-08-1994,O98651462,QAF,105,25
452,Eric Phelps,01-10-1994,B96464671,KEA,85,35
453,Eric Phelps,01-10-1994,B96464671,UCA,146,35
454,Latasha Nelson,09-05-1986,V51246373,LAW,96,49
455,Laura Ward,23-01-1981,I74549867,MPH,47,28
456,Jacob Duran,25-02-1988,A85793465,KEA,86,48
457,Jason Edwards,09-02-1975,J22810925,XLE,100,15
458,Jessica Harvey,08-04-1996,L89163667,LRC,72,37
459,Jason Edwards,09-02-1975,J22810925,LRC,100,15
460,Jacob Duran,25-02-1988,A85793465,COG,123,17
461,Ronald Monroe,12-09-1984,C02131672,UAN,106,41
462,Jason Edwards,09-02-1975,J22810925,LAT,60,45
463,Jacob Duran,25-02-1988,A85793465,COG,52,17
464,Jacob Duran,25-02-1988,A85793465,KAI,140,17
465,Eric Phelps,01-10-1994,B96464671,XLE,63,35
466,Jason Edwards,09-02-1975,J22810925,UCA,76,15
467,Curtis Gutierrez,14-03-1974,Q46419538,KAI,128,7
468,Jason Edwards,09-02-1975,J22810925,UCA,132,15
469,Danny Pratt,31-10-1998,E10934506,KAI,125,47
470,Eric Phelps,01-10-1994,B96464671,XLE,25,35
471,Jacob Duran,25-02-1988,A85793465,LAM,9,48
472,Laura Ward,23-01-1981,I74549867,LAT,89,28
473,Danny Pratt,31-10-1998,E10934506,KAI,141,47
474,Jacob Duran,25-02-1988,A85793465,KEA,4,17
475,Jessica Harvey,08-04-1996,L89163667,UCA,70,37
476,Jason Edwards,09-02-1975,J22810925,IBE,55,15
477,Danny Pratt,31-10-1998,E10934506,UCA,138,47
478,Ronald Monroe,12-09-1984,C02131672,LUD,121,2
479,Jessica Harvey,08-04-1996,L89163667,NCY,145,37
480,Laura Ward,23-01-1981,I74549867,LAT,134,28
481,Danny Pratt,31-10-1998,E10934506,ADC,21,36
482,Jacob Duran,25-02-1988,A85793465,KEA,1,17
483,Danny Pratt,31-10-1998,E10934506,KAI,103,47
484,Jason Edwards,09-02-1975,J22810925,ETA,88,15
485,Danny Pratt,31-10-1998,E10934506,EAL,148,47
486,Jacob Duran,25-02-1988,A85793465,LAM,140,17
487,Jason Edwards,09-02-1975,J22810925,XLE,76,45
488,Eric Phelps,01-10-1994,B96464671,UCA,63,35
489,Eric Phelps,01-10-1994,B96464671,IBE,7,35
490,Jacob Duran,25-02-1988,A85793465,LAW,52,17
491,Jason Edwards,09-02-1975,J22810925,LAM,132,45
492,Joe Cabrera,13-08-1994,O98651462,LAT,27,25
493,Ronald Monroe,12-09-1984,C02131672,AZI,50,41
494,Danny Pratt,31-10-1998,E10934506,UCA,148,36
495,Jacob Duran,25-02-1988,A85793465,COG,20,17
496,Danny Pratt,31-10-1998,E10934506,ADC,119,36
497,Latasha Nelson,09-05-1986,V51246373,NCY,82,49
498,Kimberly Brown,02-09-1999,H50641909,XLE,36,22
499,Linda Warren,13-03-1975,L01109034,NCY,16,50
500,Jason Edwards,09-02-1975,J22810925,UCA,6,45
501,Latasha Nelson,09-05-1986,V51246373,MPH,82,49
502,Jacob Duran,25-02-1988,A85793465,LAW,9,17
503,Jacob Duran,25-02-1988,A85793465,LAM,126,17
504,Alex Deleon,03-10-1979,A35692355,IBE,66,11
505,Jason Edwards,09-02-1975,J22810925,LRC,87,45
506,Jacob Duran,25-02-1988,A85793465,QAF,73,17
507,Danny Pratt,31-10-1998,E10934506,UCA,125,36
508,Jacob Duran,25-02-1988,A85793465,NCY,129,17
509,Jason Edwards,09-02-1975,J22810925,ADC,64,15
510,Jason Edwards,09-02-1975,J22810925,LUD,55,45
511,Jacob Duran,25-02-1988,A85793465,NCY,15,48
512,Gabriel Palmer,18-08-1981,O88716397,LUD,5,40
513,Jacob Duran,25-02-1988,A85793465,AZI,73,48
514,Ronald Monroe,12-09-1984,C02131672,COG,30,2
515,Jacob Duran,25-02-1988,A85793465,COG,1,48
516,Ronald Monroe,12-09-1984,C02131672,COG,50,2
517,Danny Pratt,31-10-1998,E10934506,BTA,94,36
518,Gene Obrien,02-07-1999,Q49180524,KAI,113,0
519,Jason Edwards,09-02-1975,J22810925,UCA,64,15
520,Jacob Duran,25-02-1988,A85793465,EAL,29,48
521,Jason Edwards,09-02-1975,J22810925,UCA,100,45
522,Jacob Duran,25-02-1988,A85793465,QAF,101,17
523,Jason Edwards,09-02-1975,J22810925,ADC,64,45
524,Kimberly Brown,02-09-1999,H50641909,XLE,111,22
525,Jason Edwards,09-02-1975,J22810925,IBE,144,15
526,Jessica Harvey,08-04-1996,L89163667,UCA,78,37
527,Jacob Duran,25-02-1988,A85793465,COG,35,48
528,Jacob Duran,25-02-1988,A85793465,AZI,140,48
529,Jason Edwards,09-02-1975,J22810925,LUD,80,15
530,Jacob Duran,25-02-1988,A85793465,LAW,57,17
531,Jacob Duran,25-02-1988,A85793465,LAM,3,48
532,Jason Edwards,09-02-1975,J22810925,LRC,76,15
533,Joe Cabrera,13-08-1994,O98651462,COG,83,25
534,Jason Edwards,09-02-1975,J22810925,XLE,88,45
535,Ronald Monroe,12-09-1984,C02131672,UAN,30,2
536,Jacob Duran,25-02-1988,A85793465,EAL,15,48
537,Kimberly Brown,02-09-1999,H50641909,COG,124,51
538,Jacob Duran,25-02-1988,A85793465,UAN,29,48
539,Kimberly Brown,02-09-1999,H50641909,COG,139,51
540,Curtis Gutierrez,14-03-1974,Q46419538,NCY,136,7
541,Kimberly Brown,02-09-1999,H50641909,ADC,98,51
542,Jason Edwards,09-02-1975,J22810925,IBE,60,45
543,Joe Cabrera,13-08-1994,O98651462,COG,27,25
544,Gabriel Palmer,18-08-1981,O88716397,LUD,74,40
545,Kimberly Brown,02-09-1999,H50641909,XLE,139,51
546,Ronald Monroe,12-09-1984,C02131672,LUD,106,2
547,Danny Pratt,31-10-1998,E10934506,XLE,119,47
548,Ronald Monroe,12-09-1984,C02131672,AZI,30,2
549,Jacob Duran,25-02-1988,A85793465,QAF,15,48
550,Jacob Duran,25-02-1988,A85793465,NCY,73,48
551,Jacob Duran,25-02-1988,A85793465,LAW,1,17
552,Ronald Monroe,12-09-1984,C02131672,LUD,50,2
553,Danny Pratt,31-10-1998,E10934506,ADC,94,47
554,Kimberly Brown,02-09-1999,H50641909,COG,98,51
555,John Ross,16-03-1979,F40422038,MPH,31,29
556,Jacob Duran,25-02-1988,A85793465,BTA,35,48
557,Danny Pratt,31-10-1998,E10934506,EAL,141,36
558,Jason Edwards,09-02-1975,J22810925,UCA,60,45
559,Ronald Monroe,12-09-1984,C02131672,LUD,109,2
560,Jacob Duran,25-02-1988,A85793465,COG,4,17
561,Jacob Duran,25-02-1988,A85793465,AZI,99,48
562,Danny Pratt,31-10-1998,E10934506,ADC,58,36
563,Linda Warren,13-03-1975,L01109034,ADC,39,50
564,Jacob Duran,25-02-1988,A85793465,EAL,86,48
565,Ronald Monroe,12-09-1984,C02131672,LUD,108,2
566,Jacob Duran,25-02-1988,A85793465,KEA,129,17
567,Jacob Duran,25-02-1988,A85793465,AZI,15,17
568,Joe Cabrera,13-08-1994,O98651462,BTA,81,25
569,Jacob Duran,25-02-1988,A85793465,KEA,9,17
570,Kimberly Brown,02-09-1999,H50641909,KAI,124,22
571,Latasha Nelson,09-05-1986,V51246373,MPH,24,49
572,Jacob Duran,25-02-1988,A85793465,AZI,4,17
573,Danny Pratt,31-10-1998,E10934506,EAL,58,36
574,Jeffrey Roberts,02-12-1971,G16561693,IBE,114,19
575,Danny Pratt,31-10-1998,E10934506,XLE,94,36
576,Jessica Harvey,08-04-1996,L89163667,IBE,49,37
577,Matthew Walsh,20-09-1993,S26547035,IBE,77,46
578,Jacob Duran,25-02-1988,A85793465,NCY,52,48
579,Jacob Duran,25-02-1988,A85793465,LAM,1,17
580,Jacob Duran,25-02-1988,A85793465,AZI,123,48
581,Jacob Duran,25-02-1988,A85793465,BTA,20,17
582,Linda Warren,13-03-1975,L01109034,ETA,97,50
583,Jessica Harvey,08-04-1996,L89163667,UCA,145,37
584,John Ross,16-03-1979,F40422038,QAF,31,29
585,Jacob Duran,25-02-1988,A85793465,EAL,57,48
586,Jacob Duran,25-02-1988,A85793465,COG,86,48
587,Jason Edwards,09-02-1975,J22810925,ETA,144,45
588,Jason Edwards,09-02-1975,J22810925,LAT,55,45
589,Jessica Harvey,08-04-1996,L89163667,NCY,122,37
590,Linda Warren,13-03-1975,L01109034,XLE,17,50
591,Jessica Harvey,08-04-1996,L89163667,UCA,122,37
592,Jacob Duran,25-02-1988,A85793465,QAF,57,48
593,Curtis Gutierrez,14-03-1974,Q46419538,NCY,54,7
594,Joe Cabrera,13-08-1994,O98651462,QAF,79,25
595,Jacob Duran,25-02-1988,A85793465,COG,1,17
596,Linda Warren,13-03-1975,L01109034,NCY,39,50
597,Jacob Duran,25-02-1988,A85793465,LAW,140,17
598,Danny Pratt,31-10-1998,E10934506,KAI,58,47
599,Ronald Monroe,12-09-1984,C02131672,LAM,106,41
600,Jessica Harvey,08-04-1996,L89163667,LRC,19,37
601,Latasha Nelson,09-05-1986,V51246373,LAW,110,49
602,Matthew Walsh,20-09-1993,S26547035,LRC,131,12
603,Jacob Duran,25-02-1988,A85793465,EAL,99,17
604,Jacob Duran,25-02-1988,A85793465,EAL,3,17
605,Jacob Duran,25-02-1988,A85793465,BTA,73,17
606,Jason Edwards,09-02-1975,J22810925,LAT,88,15
607,Danny Pratt,31-10-1998,E10934506,KAI,38,47
608,Jacob Duran,25-02-1988,A85793465,BTA,101,48
609,Jessica Harvey,08-04-1996,L89163667,NCY,49,37
610,Matthew Walsh,20-09-1993,S26547035,LAT,77,12
611,Jessica Harvey,08-04-1996,L89163667,LRC,49,37
612,Danny Pratt,31-10-1998,E10934506,XLE,141,36
613,Jacob Duran,25-02-1988,A85793465,EAL,59,17
614,Jason Edwards,09-02-1975,J22810925,LAT,64,45
615,Jacob Duran,25-02-1988,A85793465,UAN,86,17
616,Jacob Duran,25-02-1988,A85793465,UAN,57,17
617,Danny Pratt,31-10-1998,E10934506,EAL,21,47
618,Jessica Harvey,08-04-1996,L89163667,LRC,122,37
619,Danny Pratt,31-10-1998,E10934506,BTA,21,47
620,Alex Deleon,03-10-1979,A35692355,LAM,92,11
621,Jacob Duran,25-02-1988,A85793465,AZI,86,48
622,Danny Pratt,31-10-1998,E10934506,ADC,119,47
623,Danny Pratt,31-10-1998,E10934506,BTA,148,47
624,Jason Edwards,09-02-1975,J22810925,XLE,107,15
625,Eric Phelps,01-10-1994,B96464671,IBE,95,35
626,Danny Pratt,31-10-1998,E10934506,XLE,148,36
627,Jessica Harvey,08-04-1996,L89163667,NCY,22,37
628,Joe Cabrera,13-08-1994,O98651462,COG,91,25
629,Kimberly Brown,02-09-1999,H50641909,XLE,32,22
630,Danny Pratt,31-10-1998,E10934506,EAL,138,36
631,Latasha Nelson,09-05-1986,V51246373,MPH,44,49
632,Jacob Duran,25-02-1988,A85793465,KEA,123,17
633,Alex Deleon,03-10-1979,A35692355,MPH,92,11
634,Jason Edwards,09-02-1975,J22810925,MPH,88,45
635,Eric Phelps,01-10-1994,B96464671,ETA,146,35
636,Jacob Duran,25-02-1988,A85793465,LAW,126,48
637,Jessica Harvey,08-04-1996,L89163667,NCY,75,37
638,Jacob Duran,25-02-1988,A85793465,BTA,101,17
639,Curtis Gutierrez,14-03-1974,Q46419538,ADC,51,7
640,Jason Edwards,09-02-1975,J22810925,IBE,87,15
641,Eric Phelps,01-10-1994,B96464671,IBE,93,35
642,Jacob Duran,25-02-1988,A85793465,LAM,3,17
643,Laura Ward,23-01-1981,I74549867,COG,120,28
644,Jacob Duran,25-02-1988,A85793465,LAM,117,48
645,Eric Phelps,01-10-1994,B96464671,ETA,7,35
646,Jacob Duran,25-02-1988,A85793465,UAN,59,48
647,Jason Edwards,09-02-1975,J22810925,XLE,87,15
648,Jason Edwards,09-02-1975,J22810925,IBE,144,45
649,Gene Obrien,02-07-1999,Q49180524,LAT,137,0
650,Linda Warren,13-03-1975,L01109034,LAW,14,50
651,Jason Edwards,09-02-1975,J22810925,ADC,88,45
652,Danny Pratt,31-10-1998,E10934506,ADC,147,47
653,Jacob Duran,25-02-1988,A85793465,QAF,99,48
654,Danny Pratt,31-10-1998,E10934506,UCA,38,47
655,Jacob Duran,25-02-1988,A85793465,QAF,1,48
656,Jacob Duran,25-02-1988,A85793465,KEA,9,48
657,Jessica Harvey,08-04-1996,L89163667,AZI,72,37
658,Jacob Duran,25-02-1988,A85793465,AZI,86,17
659,Danny Pratt,31-10-1998,E10934506,EAL,138,47
660,Jason Edwards,09-02-1975,J22810925,LRC,144,15
661,Jason Edwards,09-02-1975,J22810925,LUD,132,15
662,Jacob Duran,25-02-1988,A85793465,COG,57,48
663,Gabriel Palmer,18-08-1981,O88716397,UAN,5,40
664,Jacob Duran,25-02-1988,A85793465,UAN,123,17
665,Laura Ward,23-01-1981,I74549867,LAT,120,28
666,Jason Edwards,09-02-1975,J22810925,MPH,64,45
667,Jacob Duran,25-02-1988,A85793465,LAW,126,17
668,Curtis Gutierrez,14-03-1974,Q46419538,AZI,51,7
669,Kimberly Brown,02-09-1999,H50641909,XLE,111,51
670,Jacob Duran,25-02-1988,A85793465,KEA,101,48
671,Jacob Duran,25-02-1988,A85793465,KEA,20,48
672,Kimberly Brown,02-09-1999,H50641909,COG,139,22
673,Danny Pratt,31-10-1998,E10934506,ADC,94,36
674,Jacob Duran,25-02-1988,A85793465,LAW,3,48
675,Jason Edwards,09-02-1975,J22810925,UCA,80,45
676,Eric Phelps,01-10-1994,B96464671,XLE,93,35
677,Jacob Duran,25-02-1988,A85793465,KAI,59,17
678,Gabriel Palmer,18-08-1981,O88716397,LUD,74,31
679,Jacob Duran,25-02-1988,A85793465,QAF,20,48
680,Jacob Duran,25-02-1988,A85793465,UAN,20,17
681,Gabriel Palmer,18-08-1981,O88716397,UAN,74,40
682,Joe Cabrera,13-08-1994,O98651462,QAF,83,25
683,Kimberly Brown,02-09-1999,H50641909,IBE,111,51
684,Jason Edwards,09-02-1975,J22810925,LRC,87,15
685,Curtis Gutierrez,14-03-1974,Q46419538,AZI,28,7
686,Danny Pratt,31-10-1998,E10934506,BTA,38,36
687,Danny Pratt,31-10-1998,E10934506,KAI,94,36
688,Kimberly Brown,02-09-1999,H50641909,KAI,98,51
689,Jacob Duran,25-02-1988,A85793465,LAM,101,48
690,Jacob Duran,25-02-1988,A85793465,NCY,123,17
691,Danny Pratt,31-10-1998,E10934506,XLE,58,47
692,Jacob Duran,25-02-1988,A85793465,UAN,15,17
693,Ronald Monroe,12-09-1984,C02131672,UAN,121,41
694,Jacob Duran,25-02-1988,A85793465,EAL,140,17
695,Danny Pratt,31-10-1998,E10934506,BTA,127,47
696,Jacob Duran,25-02-1988,A85793465,BTA,86,48
697,Jason Edwards,09-02-1975,J22810925,XLE,64,15
698,Danny Pratt,31-10-1998,E10934506,KAI,94,47
699,Ronald Monroe,12-09-1984,C02131672,UAN,30,41
700,Danny Pratt,31-10-1998,E10934506,BTA,138,47
701,Jacob Duran,25-02-1988,A85793465,QAF,35,17
702,Jacob Duran,25-02-1988,A85793465,AZI,52,48
703,Jacob Duran,25-02-1988,A85793465,EAL,1,17
704,Ronald Monroe,12-09-1984,C02131672,UAN,108,41
705,John Ross,16-03-1979,F40422038,MPH,33,29
706,Ronald Monroe,12-09-1984,C02131672,LUD,102,2
707,Jessica Harvey,08-04-1996,L89163667,LRC,145,37
708,Linda Warren,13-03-1975,L01109034,XLE,18,50
709,Linda Warren,13-03-1975,L01109034,LAW,97,50
710,Jeffrey Roberts,02-12-1971,G16561693,ETA,34,19
711,Joe Cabrera,13-08-1994,O98651462,COG,105,25
712,Jason Edwards,09-02-1975,J22810925,LAM,80,45
713,Gene Obrien,02-07-1999,Q49180524,AZI,137,0
714,Jacob Duran,25-02-1988,A85793465,BTA,1,48
715,Jacob Duran,25-02-1988,A85793465,EAL,57,17
716,Jason Edwards,09-02-1975,J22810925,MPH,41,15
717,Jason Edwards,09-02-1975,J22810925,ETA,76,15
718,Jacob Duran,25-02-1988,A85793465,KAI,117,17
719,Jacob Duran,25-02-1988,A85793465,NCY,9,17
720,Curtis Gutierrez,14-03-1974,Q46419538,KAI,136,7
721,Joe Cabrera,13-08-1994,O98651462,LAT,2,25
722,Jacob Duran,25-02-1988,A85793465,LAW,86,48
723,Kimberly Brown,02-09-1999,H50641909,IBE,124,51
724,Jacob Duran,25-02-1988,A85793465,UAN,129,17
725,Danny Pratt,31-10-1998,E10934506,KAI,119,47
726,Jacob Duran,25-02-1988,A85793465,QAF,59,17
727,Jacob Duran,25-02-1988,A85793465,AZI,123,17
728,Kimberly Brown,02-09-1999,H50641909,COG,56,22
729,Danny Pratt,31-10-1998,E10934506,ADC,138,36
730,Jacob Duran,25-02-1988,A85793465,KAI,57,48
731,Curtis Gutierrez,14-03-1974,Q46419538,KAI,13,7
732,Joe Cabrera,13-08-1994,O98651462,KEA,81,25
733,Jason Edwards,09-02-1975,J22810925,XLE,6,15
734,Jacob Duran,25-02-1988,A85793465,NCY,59,48
735,Jacob Duran,25-02-1988,A85793465,LAW,129,17
736,Jeffrey Roberts,02-12-1971,G16561693,ETA,10,19
737,Jessica Harvey,08-04-1996,L89163667,IBE,145,37
738,Jacob Duran,25-02-1988,A85793465,KEA,15,17
739,John Ross,16-03-1979,F40422038,BTA,33,29
740,Jacob Duran,25-02-1988,A85793465,LAM,99,48
741,Danny Pratt,31-10-1998,E10934506,XLE,138,36
742,Jason Edwards,09-02-1975,J22810925,MPH,80,45
743,Joe Cabrera,13-08-1994,O98651462,LAW,68,25
744,Kimberly Brown,02-09-1999,H50641909,IBE,111,22
745,Matthew Walsh,20-09-1993,S26547035,LAM,131,46
746,Jacob Duran,25-02-1988,A85793465,KAI,117,48
747,Linda Warren,13-03-1975,L01109034,LAW,17,50
748,Jason Edwards,09-02-1975,J22810925,ETA,107,45
749,Danny Pratt,31-10-1998,E10934506,UCA,21,36
750,Ronald Monroe,12-09-1984,C02131672,LUD,102,41
751,Jason Edwards,09-02-1975,J22810925,IBE,80,45
752,Danny Pratt,31-10-1998,E10934506,UCA,127,36
753,Kimberly Brown,02-09-1999,H50641909,XLE,84,51
754,Jacob Duran,25-02-1988,A85793465,QAF,3,48
755,Jacob Duran,25-02-1988,A85793465,LAM,123,17
756,Jacob Duran,25-02-1988,A85793465,NCY,86,17
757,Gene Obrien,02-07-1999,Q49180524,KEA,11,0
758,Jacob Duran,25-02-1988,A85793465,LAW,4,17
759,Ronald Monroe,12-09-1984,C02131672,QAF,50,2
760,Alex Deleon,03-10-1979,A35692355,ETA,92,11
761,Danny Pratt,31-10-1998,E10934506,EAL,147,36
762,Jacob Duran,25-02-1988,A85793465,KAI,9,48
763,Jacob Duran,25-02-1988,A85793465,EAL,101,17
764,Jason Edwards,09-02-1975,J22810925,LAT,6,45
765,Danny Pratt,31-10-1998,E10934506,XLE,38,47
766,Jason Edwards,09-02-1975,J22810925,IBE,107,15
767,Danny Pratt,31-10-1998,E10934506,BTA,147,36
768,Jacob Duran,25-02-1988,A85793465,KEA,35,48
769,Danny Pratt,31-10-1998,E10934506,UCA,112,36
770,Jason Edwards,09-02-1975,J22810925,ETA,142,15
771,Jacob Duran,25-02-1988,A85793465,UAN,9,48
772,Jason Edwards,09-02-1975,J22810925,LUD,144,45
773,Jacob Duran,25-02-1988,A85793465,LAM,4,48
774,Jason Edwards,09-02-1975,J22810925,ADC,100,15
775,Jessica Harvey,08-04-1996,L89163667,NCY,62,37
776,Jacob Duran,25-02-1988,A85793465,KAI,35,48
777,Jacob Duran,25-02-1988,A85793465,EAL,35,17
778,Eric Phelps,01-10-1994,B96464671,XLE,85,35
779,Jessica Harvey,08-04-1996,L89163667,LRC,70,37
780,Latasha Nelson,09-05-1986,V51246373,LRC,24,49
781,Danny Pratt,31-10-1998,E10934506,EAL,103,47
782,Linda Warren,13-03-1975,L01109034,ADC,16,50
783,Kimberly Brown,02-09-1999,H50641909,XLE,124,51
784,Jason Edwards,09-02-1975,J22810925,LRC,107,15
785,Danny Pratt,31-10-1998,E10934506,EAL,125,47
786,Danny Pratt,31-10-1998,E10934506,BTA,148,36
787,Jacob Duran,25-02-1988,A85793465,BTA,57,48
788,Jacob Duran,25-02-1988,A85793465,AZI,20,17
789,Jason Edwards,09-02-1975,J22810925,LUD,76,15
790,Ronald Monroe,12-09-1984,C02131672,COG,109,2
791,Jessica Harvey,08-04-1996,L89163667,UCA,62,37
792,Jacob Duran,25-02-1988,A85793465,LAM,117,17
793,Jacob Duran,25-02-1988,A85793465,NCY,1,17
794,Joe Cabrera,13-08-1994,O98651462,LAW,83,25
795,Eric Phelps,01-10-1994,B96464671,ETA,25,35
796,Jason Edwards,09-02-1975,J22810925,MPH,76,45
797,Jacob Duran,25-02-1988,A85793465,KAI,129,17
798,Laura Ward,23-01-1981,I74549867,COG,47,28
799,Jason Edwards,09-02-1975,J22810925,LUD,142,45
800,Danny Pratt,31-10-1998,E10934506,KAI,148,36
801,Jason Edwards,09-02-1975,J22810925,XLE,88,15
802,Joe Cabrera,13-08-1994,O98651462,QAF,91,25
803,Kimberly Brown,02-09-1999,H50641909,IBE,98,51
804,Jacob Duran,25-02-1988,A85793465,QAF,101,48
805,Jacob Duran,25-02-1988,A85793465,BTA,3,48
806,Ronald Monroe,12-09-1984,C02131672,COG,50,41
807,Joe Cabrera,13-08-1994,O98651462,LAT,105,25
808,Joe Cabrera,13-08-1994,O98651462,LAW,27,25
809,Jacob Duran,25-02-1988,A85793465,COG,129,17
810,Jacob Duran,25-02-1988,A85793465,LAW,73,48
811,Linda Warren,13-03-1975,L01109034,LAW,135,50
812,Jason Edwards,09-02-1975,J22810925,LAM,6,45
813,Jacob Duran,25-02-1988,A85793465,EAL,73,48
814,Jason Edwards,09-02-1975,J22810925,LAT,55,15
815,Danny Pratt,31-10-1998,E10934506,KAI,58,36
816,Laura Ward,23-01-1981,I74549867,EAL,120,28
817,Jacob Duran,25-02-1988,A85793465,KAI,123,48
818,John Ross,16-03-1979,F40422038,MPH,42,29
819,Joe Cabrera,13-08-1994,O98651462,LAW,91,25
820,Kimberly Brown,02-09-1999,H50641909,KAI,111,22
821,Linda Warren,13-03-1975,L01109034,ETA,18,50
822,Jacob Duran,25-02-1988,A85793465,UAN,129,48
823,Danny Pratt,31-10-1998,E10934506,XLE,125,36
824,Jacob Duran,25-02-1988,A85793465,EAL,4,17
825,Danny Pratt,31-10-1998,E10934506,UCA,148,47
826,Laura Ward,23-01-1981,I74549867,COG,89,28
827,Ronald Monroe,12-09-1984,C02131672,COG,106,41
828,Jacob Duran,25-02-1988,A85793465,NCY,57,48
829,Eric Phelps,01-10-1994,B96464671,KEA,95,35
830,Danny Pratt,31-10-1998,E10934506,UCA,141,36
831,Jason Edwards,09-02-1975,J22810925,LAM,6,15
832,Jessica Harvey,08-04-1996,L89163667,IBE,143,37
833,Linda Warren,13-03-1975,L01109034,NCY,37,50
834,Jason Edwards,09-02-1975,J22810925,MPH,60,45
835,Jacob Duran,25-02-1988,A85793465,UAN,126,48
836,Linda Warren,13-03-1975,L01109034,XLE,37,50
837,Jacob Duran,25-02-1988,A85793465,KEA,123,48
838,Jacob Duran,25-02-1988,A85793465,BTA,52,17
839,Joe Cabrera,13-08-1994,O98651462,BTA,105,25
840,Jacob Duran,25-02-1988,A85793465,COG,123,48
841,Gabriel Palmer,18-08-1981,O88716397,EAL,74,40
842,Danny Pratt,31-10-1998,E10934506,ADC,58,47
843,Jason Edwards,09-02-1975,J22810925,MPH,55,15
844,Jason Edwards,09-02-1975,J22810925,IBE,41,15
845,Jacob Duran,25-02-1988,A85793465,UAN,4,48
846,Jason Edwards,09-02-1975,J22810925,LRC,41,15
847,Matthew Walsh,20-09-1993,S26547035,IBE,77,12
848,John Ross,16-03-1979,F40422038,MPH,65,29
849,Ronald Monroe,12-09-1984,C02131672,AZI,108,2
850,Ronald Monroe,12-09-1984,C02131672,LAM,121,2
851,Jessica Harvey,08-04-1996,L89163667,AZI,70,37
852,Jason Edwards,09-02-1975,J22810925,ADC,60,45
853,Jason Edwards,09-02-1975,J22810925,MPH,6,45
854,Jacob Duran,25-02-1988,A85793465,EAL,117,17
855,Laura Ward,23-01-1981,I74549867,MPH,120,28
856,Jason Edwards,09-02-1975,J22810925,LAM,144,45
857,Laura Ward,23-01-1981,I74549867,LAT,90,28
858,Jacob Duran,25-02-1988,A85793465,LAW,1,48
859,Joe Cabrera,13-08-1994,O98651462,LAW,79,25
860,Joe Cabrera,13-08-1994,O98651462,BTA,79,25
861,Jacob Duran,25-02-1988,A85793465,KAI,1,17
862,Jacob Duran,25-02-1988,A85793465,QAF,59,48
863,Jacob Duran,25-02-1988,A85793465,NCY,86,48
864,Latasha Nelson,09-05-1986,V51246373,LAW,24,49
865,Jacob Duran,25-02-1988,A85793465,QAF,35,48
866,Jason Edwards,09-02-1975,J22810925,MPH,87,15
867,Jason Edwards,09-02-1975,J22810925,UCA,76,45
868,Jacob Duran,25-02-1988,A85793465,AZI,117,17
869,Jacob Duran,25-02-1988,A85793465,BTA,126,17
870,Danny Pratt,31-10-1998,E10934506,EAL,119,36
871,Danny Pratt,31-10-1998,E10934506,UCA,147,36
872,Jacob Duran,25-02-1988,A85793465,LAW,73,17
873,Linda Warren,13-03-1975,L01109034,LAW,26,50
874,Curtis Gutierrez,14-03-1974,Q46419538,ADC,133,7
875,Matthew Walsh,20-09-1993,S26547035,LAT,131,46
876,Kimberly Brown,02-09-1999,H50641909,XLE,98,22
877,Jason Edwards,09-02-1975,J22810925,MPH,144,15
878,Jason Edwards,09-02-1975,J22810925,LAT,64,15
879,Kimberly Brown,02-09-1999,H50641909,KAI,98,22
880,Jacob Duran,25-02-1988,A85793465,KAI,20,48
881,Jason Edwards,09-02-1975,J22810925,MPH,142,15
882,Jason Edwards,09-02-1975,J22810925,UCA,88,45
883,Jessica Harvey,08-04-1996,L89163667,LRC,75,37
884,Jacob Duran,25-02-1988,A85793465,LAW,86,17
885,Jacob Duran,25-02-1988,A85793465,EAL,3,48
886,Jacob Duran,25-02-1988,A85793465,UAN,52,17
887,Ronald Monroe,12-09-1984,C02131672,COG,102,41
888,Ronald Monroe,12-09-1984,C02131672,AZI,102,2
889,Curtis Gutierrez,14-03-1974,Q46419538,KAI,133,7
890,Jacob Duran,25-02-1988,A85793465,UAN,73,48
891,Curtis Gutierrez,14-03-1974,Q46419538,KAI,54,7
892,Jacob Duran,25-02-1988,A85793465,COG,52,48
893,Jason Edwards,09-02-1975,J22810925,LAM,64,15
894,Ronald Monroe,12-09-1984,C02131672,QAF,109,2
895,Kimberly Brown,02-09-1999,H50641909,ADC,32,22
896,Latasha Nelson,09-05-1986,V51246373,NCY,44,49
897,Jacob Duran,25-02-1988,A85793465,NCY,29,17
898,Jacob Duran,25-02-1988,A85793465,NCY,4,17
899,Jason Edwards,09-02-1975,J22810925,IBE,88,15
900,Jacob Duran,25-02-1988,A85793465,AZI,1,48
901,Ronald Monroe,12-09-1984,C02131672,COG,106,2
902,Jacob Duran,25-02-1988,A85793465,BTA,129,48
903,Jacob Duran,25-02-1988,A85793465,COG,117,48
904,Danny Pratt,31-10-1998,E10934506,ADC,148,47
905,Ronald Monroe,12-09-1984,C02131672,QAF,30,2
906,Danny Pratt,31-10-1998,E10934506,KAI,138,36
907,Kimberly Brown,02-09-1999,H50641909,XLE,56,51
908,Jessica Harvey,08-04-1996,L89163667,AZI,78,37
909,Jacob Duran,25-02-1988,A85793465,LAM,57,48
910,Latasha Nelson,09-05-1986,V51246373,LAW,130,49
911,Ronald Monroe,12-09-1984,C02131672,LUD,109,41
912,Danny Pratt,31-10-1998,E10934506,KAI,147,36
913,Curtis Gutierrez,14-03-1974,Q46419538,KAI,61,7
914,Jacob Duran,25-02-1988,A85793465,BTA,1,17
915,Jessica Harvey,08-04-1996,L89163667,LRC,40,37
916,Latasha Nelson,09-05-1986,V51246373,NCY,24,49
917,Alex Deleon,03-10-1979,A35692355,LAM,0,11
918,Ronald Monroe,12-09-1984,C02131672,LAM,50,41
919,Jacob Duran,25-02-1988,A85793465,UAN,140,17
920,Jacob Duran,25-02-1988,A85793465,QAF,117,17
921,Matthew Walsh,20-09-1993,S26547035,LRC,77,46
922,Danny Pratt,31-10-1998,E10934506,BTA,58,47
923,Danny Pratt,31-10-1998,E10934506,XLE,141,47
924,John Ross,16-03-1979,F40422038,BTA,65,29
925,Jacob Duran,25-02-1988,A85793465,AZI,117,48
926,Curtis Gutierrez,14-03-1974,Q46419538,BTA,133,7
927,Jacob Duran,25-02-1988,A85793465,BTA,99,17
928,Curtis Gutierrez,14-03-1974,Q46419538,NCY,61,7
929,Ronald Monroe,12-09-1984,C02131672,AZI,106,2
930,Danny Pratt,31-10-1998,E10934506,KAI,148,47
931,Eric Phelps,01-10-1994,B96464671,KEA,146,35
932,Jason Edwards,09-02-1975,J22810925,LAT,87,45
933,Jacob Duran,25-02-1988,A85793465,LAM,20,17
934,Jason Edwards,09-02-1975,J22810925,LAM,60,45
935,Latasha Nelson,09-05-1986,V51246373,LRC,48,49
936,Linda Warren,13-03-1975,L01109034,ETA,69,50
937,Joe Cabrera,13-08-1994,O98651462,QAF,67,25
938,Danny Pratt,31-10-1998,E10934506,EAL,112,47
939,Jason Edwards,09-02-1975,J22810925,XLE,132,15
940,Jason Edwards,09-02-1975,J22810925,LRC,107,45
941,Gene Obrien,02-07-1999,Q49180524,LAT,11,0
942,Jessica Harvey,08-04-1996,L89163667,AZI,23,37
943,Jeffrey Roberts,02-12-1971,G16561693,LUD,104,19
944,Jacob Duran,25-02-1988,A85793465,EAL,129,48
945,Danny Pratt,31-10-1998,E10934506,UCA,21,47
946,Jason Edwards,09-02-1975,J22810925,LAT,144,15
947,Curtis Gutierrez,14-03-1974,Q46419538,NCY,13,7
948,Gene Obrien,02-07-1999,Q49180524,KEA,43,0
949,Jacob Duran,25-02-1988,A85793465,EAL,59,48
950,Latasha Nelson,09-05-1986,V51246373,NCY,96,49
951,Ronald Monroe,12-09-1984,C02131672,QAF,108,41
952,Jacob Duran,25-02-1988,A85793465,KAI,52,48
953,Jason Edwards,09-02-1975,J22810925,LRC,100,45
954,Jason Edwards,09-02-1975,J22810925,IBE,60,15
955,Jason Edwards,09-02-1975,J22810925,LAM,55,15
956,Jessica Harvey,08-04-1996,L89163667,AZI,49,37
957,Jessica Harvey,08-04-1996,L89163667,UCA,49,37
958,Ronald Monroe,12-09-1984,C02131672,LUD,30,41
959,Jacob Duran,25-02-1988,A85793465,AZI,9,48
960,Jason Edwards,09-02-1975,J22810925,LRC,132,45
961,Linda Warren,13-03-1975,L01109034,ETA,26,50
962,Laura Ward,23-01-1981,I74549867,EAL,89,28
963,Jason Edwards,09-02-1975,J22810925,LAT,80,15
964,Jacob Duran,25-02-1988,A85793465,NCY,99,17
965,Jacob Duran,25-02-1988,A85793465,NCY,20,17
966,Danny Pratt,31-10-1998,E10934506,KAI,119,36
967,Jacob Duran,25-02-1988,A85793465,COG,140,48
968,Jacob Duran,25-02-1988,A85793465,AZI,15,48
969,Danny Pratt,31-10-1998,E10934506,BTA,8,36
970,Jason Edwards,09-02-1975,J22810925,LUD,41,45
971,Jason Edwards,09-02-1975,J22810925,IBE,64,45
972,Jason Edwards,09-02-1975,J22810925,ADC,80,15
973,Jacob Duran,25-02-1988,A85793465,BTA,117,48
974,Jason Edwards,09-02-1975,J22810925,ADC,76,15
975,Jacob Duran,25-02-1988,A85793465,QAF,73,48
976,Jacob Duran,25-02-1988,A85793465,UAN,86,48
977,Jason Edwards,09-02-1975,J22810925,LUD,41,15
978,Jason Edwards,09-02-1975,J22810925,LAM,41,15
979,Linda Warren,13-03-1975,L01109034,ADC,135,50
980,Jason Edwards,09-02-1975,J22810925,LAM,107,45
981,Jason Edwards,09-02-1975,J22810925,LUD,88,15
982,Ronald Monroe,12-09-1984,C02131672,LUD,108,41
983,Ronald Monroe,12-09-1984,C02131672,UAN,121,2
984,Curtis Gutierrez,14-03-1974,Q46419538,ADC,61,7
985,Jason Edwards,09-02-1975,J22810925,LAT,60,15
986,Ronald Monroe,12-09-1984,C02131672,QAF,30,41
987,Joe Cabrera,13-08-1994,O98651462,LAW,2,25
988,Eric Phelps,01-10-1994,B96464671,ETA,63,35
989,Matthew Walsh,20-09-1993,S26547035,LAT,131,12
990,Jacob Duran,25-02-1988,A85793465,AZI,101,48
991,Jessica Harvey,08-04-1996,L89163667,IBE,78,37
992,Joe Cabrera,13-08-1994,O98651462,QAF,68,25
993,Gene Obrien,02-07-1999,Q49180524,AZI,113,0
994,Linda Warren,13-03-1975,L01109034,LAW,39,50
995,Jacob Duran,25-02-1988,A85793465,KAI,140,48
996,Kimberly Brown,02-09-1999,H50641909,IBE,139,51
997,Jacob Duran,25-02-1988,A85793465,NCY,15,17
998,Jessica Harvey,08-04-1996,L89163667,IBE,116,37
999,Danny Pratt,31-10-1998,E10934506,EAL,21,36
1000,Jeffrey Roberts,02-12-1971,G16561693,KEA,34,19
1001,Jacob Duran,25-02-1988,A85793465,COG,73,17
1002,Jason Edwards,09-02-1975,J22810925,UCA,6,15
1003,Eric Phelps,01-10-1994,B96464671,UCA,7,35
1004,Jessica Harvey,08-04-1996,L89163667,AZI,22,37
1005,Jason Edwards,09-02-1975,J22810925,ETA,60,45
1006,Jeffrey Roberts,02-12-1971,G16561693,ETA,114,19
1007,Jacob Duran,25-02-1988,A85793465,UAN,101,17
1008,Jessica Harvey,08-04-1996,L89163667,UCA,72,37
1009,Danny Pratt,31-10-1998,E10934506,BTA,125,47
1010,Ronald Monroe,12-09-1984,C02131672,UAN,50,41
1011,Jacob Duran,25-02-1988,A85793465,LAM,1,48
1012,Jacob Duran,25-02-1988,A85793465,QAF,15,17
1013,Jacob Duran,25-02-1988,A85793465,AZI,126,17
1014,Jason Edwards,09-02-1975,J22810925,LUD,87,15
1015,Kimberly Brown,02-09-1999,H50641909,IBE,56,22
1016,Kimberly Brown,02-09-1999,H50641909,ADC,111,51
1017,Kimberly Brown,02-09-1999,H50641909,XLE,139,22
1018,Danny Pratt,31-10-1998,E10934506,UCA,119,36
1019,Danny Pratt,31-10-1998,E10934506,XLE,147,36
1020,John Ross,16-03-1979,F40422038,UAN,33,29
1021,Jessica Harvey,08-04-1996,L89163667,LRC,116,37
1022,Curtis Gutierrez,14-03-1974,Q46419538,NCY,128,7
1023,Kimberly Brown,02-09-1999,H50641909,COG,84,22
1024,Linda Warren,13-03-1975,L01109034,NCY,14,50
1025,Jacob Duran,25-02-1988,A85793465,KAI,86,17
1026,Jason Edwards,09-02-1975,J22810925,LUD,60,15
1027,Joe Cabrera,13-08-1994,O98651462,COG,68,25
1028,Joe Cabrera,13-08-1994,O98651462,BTA,68,25
1029,Joe Cabrera,13-08-1994,O98651462,LAW,105,25
1030,Jason Edwards,09-02-1975,J22810925,LUD,55,15
1031,Joe Cabrera,13-08-1994,O98651462,KEA,68,25
1032,Jacob Duran,25-02-1988,A85793465,KEA,1,48
1033,Latasha Nelson,09-05-1986,V51246373,LAW,48,49
1034,Danny Pratt,31-10-1998,E10934506,EAL,147,47
1035,Kimberly Brown,02-09-1999,H50641909,XLE,36,51
1036,Jason Edwards,09-02-1975,J22810925,LAM,55,45
1037,Jessica Harvey,08-04-1996,L89163667,NCY,46,37
1038,Eric Phelps,01-10-1994,B96464671,IBE,85,35
1039,Jason Edwards,09-02-1975,J22810925,XLE,107,45
1040,Kimberly Brown,02-09-1999,H50641909,COG,53,51
1041,Danny Pratt,31-10-1998,E10934506,XLE,58,36
1042,Alex Deleon,03-10-1979,A35692355,ETA,66,11
1043,Jacob Duran,25-02-1988,A85793465,LAM,52,17
1044,Jason Edwards,09-02-1975,J22810925,LAT,6,15
1045,Jason Edwards,09-02-1975,J22810925,LRC,80,15
1046,Jacob Duran,25-02-1988,A85793465,AZI,59,48
1047,Jessica Harvey,08-04-1996,L89163667,IBE,46,37
1048,Kimberly Brown,02-09-1999,H50641909,ADC,84,51
1049,Jason Edwards,09-02-1975,J22810925,LRC,60,45
1050,Gene Obrien,02-07-1999,Q49180524,AZI,115,0
1051,Jacob Duran,25-02-1988,A85793465,BTA,123,17
1052,Joe Cabrera,13-08-1994,O98651462,QAF,27,25
1053,Jacob Duran,25-02-1988,A85793465,AZI,129,17
1054,Jacob Duran,25-02-1988,A85793465,NCY,140,48
1055,Gene Obrien,02-07-1999,Q49180524,KAI,115,0
1056,Jacob Duran,25-02-1988,A85793465,EAL,4,48
1057,Danny Pratt,31-10-1998,E10934506,KAI,141,36
1058,Danny Pratt,31-10-1998,E10934506,KAI,21,47
1059,Jacob Duran,25-02-1988,A85793465,LAM,86,48
1060,Danny Pratt,31-10-1998,E10934506,UCA,58,36
1061,Ronald Monroe,12-09-1984,C02131672,AZI,109,2
1062,Eric Phelps,01-10-1994,B96464671,IBE,146,35
1063,Alex Deleon,03-10-1979,A35692355,LAM,12,11
1064,Jason Edwards,09-02-1975,J22810925,ETA,64,45
1065,Eric Phelps,01-10-1994,B96464671,XLE,146,35
1066,Linda Warren,13-03-1975,L01109034,ADC,37,50
1067,Danny Pratt,31-10-1998,E10934506,XLE,103,36
1068,Alex Deleon,03-10-1979,A35692355,ETA,12,11
1069,Latasha Nelson,09-05-1986,V51246373,LAW,118,49
1070,Jacob Duran,25-02-1988,A85793465,KAI,35,17
1071,Kimberly Brown,02-09-1999,H50641909,IBE,124,22
1072,Jeffrey Roberts,02-12-1971,G16561693,ETA,104,19
1073,Jason Edwards,09-02-1975,J22810925,MPH,76,15
1074,Latasha Nelson,09-05-1986,V51246373,LRC,118,49
1075,Jason Edwards,09-02-1975,J22810925,MPH,88,15
1076,Kimberly Brown,02-09-1999,H50641909,KAI,124,51
1077,Ronald Monroe,12-09-1984,C02131672,LAM,102,2
1078,Jacob Duran,25-02-1988,A85793465,UAN,73,17
1079,Ronald Monroe,12-09-1984,C02131672,COG,121,2
1080,Jacob Duran,25-02-1988,A85793465,COG,29,17
1081,Jacob Duran,25-02-1988,A85793465,KEA,52,17
1082,Jacob Duran,25-02-1988,A85793465,EAL,129,17
1083,John Ross,16-03-1979,F40422038,QAF,65,29
1084,John Ross,16-03-1979,F40422038,BTA,42,29
1085,Jason Edwards,09-02-1975,J22810925,ADC,132,45
1086,Jason Edwards,09-02-1975,J22810925,ETA,55,15
1087,Jacob Duran,25-02-1988,A85793465,EAL,52,17
1088,Jason Edwards,09-02-1975,J22810925,LRC,76,45
1089,Jacob Duran,25-02-1988,A85793465,BTA,4,48
1090,Joe Cabrera,13-08-1994,O98651462,LAT,81,25
1091,Jacob Duran,25-02-1988,A85793465,UAN,1,48
1092,Kimberly Brown,02-09-1999,H50641909,XLE,32,51
1093,Ronald Monroe,12-09-1984,C02131672,QAF,106,2
1094,Danny Pratt,31-10-1998,E10934506,KAI,8,36
1095,Jason Edwards,09-02-1975,J22810925,ETA,80,15
1096,Jacob Duran,25-02-1988,A85793465,LAW,101,48
1097,Danny Pratt,31-10-1998,E10934506,ADC,21,47
1098,Jacob Duran,25-02-1988,A85793465,AZI,35,17
1099,Matthew Walsh,20-09-1993,S26547035,LRC,131,46
1100,Kimberly Brown,02-09-1999,H50641909,KAI,36,22
1101,Jessica Harvey,08-04-1996,L89163667,LRC,78,37
1102,Jacob Duran,25-02-1988,A85793465,QAF,1,17
1103,Jason Edwards,09-02-1975,J22810925,XLE,87,45
1104,Jacob Duran,25-02-1988,A85793465,NCY,1,48
1105,Jason Edwards,09-02-1975,J22810925,ADC,144,15
1106,Danny Pratt,31-10-1998,E10934506,BTA,112,47
1107,Jessica Harvey,08-04-1996,L89163667,LRC,46,37
1108,Jacob Duran,25-02-1988,A85793465,LAW,29,17
1109,Linda Warren,13-03-1975,L01109034,ADC,97,50
1110,Kimberly Brown,02-09-1999,H50641909,COG,111,22
1111,Jason Edwards,09-02-1975,J22810925,UCA,41,15
1112,Ronald Monroe,12-09-1984,C02131672,UAN,102,41
1113,Ronald Monroe,12-09-1984,C02131672,COG,109,41
1114,Kimberly Brown,02-09-1999,H50641909,KAI,56,51
1115,Jacob Duran,25-02-1988,A85793465,QAF,29,17
1116,Jason Edwards,09-02-1975,J22810925,MPH,64,15
1117,Jacob Duran,25-02-1988,A85793465,COG,117,17
1118,Jason Edwards,09-02-1975,J22810925,ETA,88,45
1119,Kimberly Brown,02-09-1999,H50641909,IBE,32,22
1120,Linda Warren,13-03-1975,L01109034,NCY,97,50
1121,Gene Obrien,02-07-1999,Q49180524,KEA,113,0
1122,Gabriel Palmer,18-08-1981,O88716397,EAL,45,31
1123,Jason Edwards,09-02-1975,J22810925,ETA,6,15
1124,Jason Edwards,09-02-1975,J22810925,UCA,88,15
1125,Jason Edwards,09-02-1975,J22810925,LRC,55,45
1126,Kimberly Brown,02-09-1999,H50641909,COG,53,22
1127,Jacob Duran,25-02-1988,A85793465,KEA,57,48
1128,Jacob Duran,25-02-1988,A85793465,QAF,140,17
1129,Danny Pratt,31-10-1998,E10934506,EAL,38,36
1130,Jason Edwards,09-02-1975,J22810925,ADC,142,15
1131,Jason Edwards,09-02-1975,J22810925,MPH,132,45
1132,Danny Pratt,31-10-1998,E10934506,ADC,141,36
1133,Danny Pratt,31-10-1998,E10934506,EAL,94,36
1134,Jason Edwards,09-02-1975,J22810925,LAT,76,15
1135,Jacob Duran,25-02-1988,A85793465,KAI,101,48
1136,Ronald Monroe,12-09-1984,C02131672,LAM,121,41
1137,Danny Pratt,31-10-1998,E10934506,UCA,103,47
1138,Joe Cabrera,13-08-1994,O98651462,LAT,68,25
1139,Jessica Harvey,08-04-1996,L89163667,UCA,40,37
1140,Jason Edwards,09-02-1975,J22810925,MPH,55,45
1141,Jason Edwards,09-02-1975,J22810925,LUD,100,45
1142,Jason Edwards,09-02-1975,J22810925,MPH,142,45
1143,Jacob Duran,25-02-1988,A85793465,UAN,52,48
1144,Jacob Duran,25-02-1988,A85793465,EAL,140,48
1145,Joe Cabrera,13-08-1994,O98651462,COG,81,25
1146,Jessica Harvey,08-04-1996,L89163667,AZI,46,37
1147,Jason Edwards,09-02-1975,J22810925,LAT,41,15
1148,Jason Edwards,09-02-1975,J22810925,UCA,142,45
1149,Jacob Duran,25-02-1988,A85793465,KAI,129,48
1150,Jacob Duran,25-02-1988,A85793465,LAW,129,48
1151,Jacob Duran,25-02-1988,A85793465,EAL,35,48
1152,Kimberly Brown,02-09-1999,H50641909,KAI,32,22
1153,Jason Edwards,09-02-1975,J22810925,LRC,6,45
1154,Jason Edwards,09-02-1975,J22810925,LAT,142,15
1155,Jacob Duran,25-02-1988,A85793465,LAW,4,48
1156,Ronald Monroe,12-09-1984,C02131672,LUD,50,41
1157,Danny Pratt,31-10-1998,E10934506,KAI,127,47
1158,Ronald Monroe,12-09-1984,C02131672,UAN,109,41
1159,Ronald Monroe,12-09-1984,C02131672,LAM,108,41
1160,Danny Pratt,31-10-1998,E10934506,BTA,103,47
1161,Jacob Duran,25-02-1988,A85793465,LAW,101,17
1162,Jacob Duran,25-02-1988,A85793465,LAW,99,17
1163,Jacob Duran,25-02-1988,A85793465,BTA,126,48
1164,Ronald Monroe,12-09-1984,C02131672,COG,121,41
1165,Jacob Duran,25-02-1988,A85793465,BTA,3,17
1166,Kimberly Brown,02-09-1999,H50641909,KAI,53,51
1167,Jacob Duran,25-02-1988,A85793465,QAF,52,17
1168,Jessica Harvey,08-04-1996,L89163667,NCY,19,37
1169,Jacob Duran,25-02-1988,A85793465,LAW,15,17
1170,Danny Pratt,31-10-1998,E10934506,UCA,119,47
1171,John Ross,16-03-1979,F40422038,UAN,31,29
1172,Jason Edwards,09-02-1975,J22810925,ADC,55,15
1173,Jacob Duran,25-02-1988,A85793465,COG,9,48
1174,Kimberly Brown,02-09-1999,H50641909,ADC,84,22
1175,Linda Warren,13-03-1975,L01109034,LAW,37,50
1176,Jason Edwards,09-02-1975,J22810925,ETA,80,45
1177,Jacob Duran,25-02-1988,A85793465,NCY,117,17
1178,Jacob Duran,25-02-1988,A85793465,EAL,52,48
1179,Matthew Walsh,20-09-1993,S26547035,LAM,77,46
1180,Danny Pratt,31-10-1998,E10934506,ADC,38,36
1181,Linda Warren,13-03-1975,L01109034,NCY,17,50
1182,Linda Warren,13-03-1975,L01109034,NCY,18,50
1183,Linda Warren,13-03-1975,L01109034,LAW,16,50
1184,Ronald Monroe,12-09-1984,C02131672,LAM,50,2
1185,Jacob Duran,25-02-1988,A85793465,LAW,99,48
1186,Linda Warren,13-03-1975,L01109034,NCY,26,50
1187,Gene Obrien,02-07-1999,Q49180524,LAT,113,0
1188,Jason Edwards,09-02-1975,J22810925,ETA,64,15
1189,Jeffrey Roberts,02-12-1971,G16561693,IBE,34,19
1190,Jason Edwards,09-02-1975,J22810925,LUD,64,45
1191,Kimberly Brown,02-09-1999,H50641909,IBE,53,51
1192,Jason Edwards,09-02-1975,J22810925,LUD,107,15
1193,Jason Edwards,09-02-1975,J22810925,LAT,76,45
1194,Jason Edwards,09-02-1975,J22810925,ETA,107,15
1195,Jacob Duran,25-02-1988,A85793465,LAW,140,48
1196,Jessica Harvey,08-04-1996,L89163667,NCY,23,37
1197,Jacob Duran,25-02-1988,A85793465,BTA,123,48
1198,Jason Edwards,09-02-1975,J22810925,ETA,100,45
1199,Jacob Duran,25-02-1988,A85793465,UAN,1,17
1200,Jason Edwards,09-02-1975,J22810925,LUD,6,15
1201,Ronald Monroe,12-09-1984,C02131672,LAM,102,41
1202,Jason Edwards,09-02-1975,J22810925,IBE,6,15
1203,Curtis Gutierrez,14-03-1974,Q46419538,ADC,54,7
1204,Jacob Duran,25-02-1988,A85793465,NCY,140,17
1205,Curtis Gutierrez,14-03-1974,Q46419538,KAI,51,7
1206,Joe Cabrera,13-08-1994,O98651462,COG,2,25
1207,Jeffrey Roberts,02-12-1971,G16561693,LUD,10,19
1208,Linda Warren,13-03-1975,L01109034,XLE,39,50
1209,Ronald Monroe,12-09-1984,C02131672,QAF,50,41
1210,Joe Cabrera,13-08-1994,O98651462,LAT,91,25
1211,Gabriel Palmer,18-08-1981,O88716397,EAL,5,31
1212,Jacob Duran,25-02-1988,A85793465,KAI,1,48
1213,Jason Edwards,09-02-1975,J22810925,LUD,6,45
1214,Joe Cabrera,13-08-1994,O98651462,BTA,67,25
1215,Jeffrey Roberts,02-12-1971,G16561693,IBE,104,19
1216,Kimberly Brown,02-09-1999,H50641909,KAI,56,22
1217,Jacob Duran,25-02-1988,A85793465,COG,86,17
1218,Jacob Duran,25-02-1988,A85793465,QAF,123,17
1219,Jason Edwards,09-02-1975,J22810925,LAM,41,45
1220,Danny Pratt,31-10-1998,E10934506,UCA,8,36
1221,Jacob Duran,25-02-1988,A85793465,KEA,3,48
1222,Jacob Duran,25-02-1988,A85793465,COG,35,17
1223,Danny Pratt,31-10-1998,E10934506,EAL,127,36
1224,Jessica Harvey,08-04-1996,L89163667,UCA,46,37
1225,Jessica Harvey,08-04-1996,L89163667,IBE,72,37
1226,Danny Pratt,31-10-1998,E10934506,UCA,127,47
1227,Kimberly Brown,02-09-1999,H50641909,ADC,53,22
1228,Jason Edwards,09-02-1975,J22810925,LAM,100,15
1229,Jason Edwards,09-02-1975,J22810925,ADC,6,15
1230,Jacob Duran,25-02-1988,A85793465,KAI,99,48
1231,Jason Edwards,09-02-1975,J22810925,LAT,132,45
1232,Danny Pratt,31-10-1998,E10934506,ADC,125,47
1233,Jason Edwards,09-02-1975,J22810925,IBE,76,15
1234,Jacob Duran,25-02-1988,A85793465,KAI,15,17
1235,Ronald Monroe,12-09-1984,C02131672,UAN,106,2
1236,Joe Cabrera,13-08-1994,O98651462,LAT,79,25
1237,Jason Edwards,09-02-1975,J22810925,UCA,107,15
1238,Latasha Nelson,09-05-1986,V51246373,NCY,48,49
1239,Jacob Duran,25-02-1988,A85793465,KEA,29,48
1240,Jacob Duran,25-02-1988,A85793465,EAL,9,48
1241,Matthew Walsh,20-09-1993,S26547035,EAL,77,46
1242,Jason Edwards,09-02-1975,J22810925,LUD,64,15
1243,Jessica Harvey,08-04-1996,L89163667,NCY,78,37
1244,Jacob Duran,25-02-1988,A85793465,KAI,52,17
1245,Jessica Harvey,08-04-1996,L89163667,LRC,62,37
1246,Joe Cabrera,13-08-1994,O98651462,KEA,2,25
1247,Jacob Duran,25-02-1988,A85793465,LAM,52,48
1248,Jacob Duran,25-02-1988,A85793465,KAI,86,48
1249,Jason Edwards,09-02-1975,J22810925,ADC,55,45
1250,Jacob Duran,25-02-1988,A85793465,BTA,117,17
1251,Danny Pratt,31-10-1998,E10934506,BTA,141,36
1252,Jacob Duran,25-02-1988,A85793465,QAF,126,48
1253,Jacob Duran,25-02-1988,A85793465,EAL,126,48
1254,Eric Phelps,01-10-1994,B96464671,KEA,25,35
1255,Jacob Duran,25-02-1988,A85793465,BTA,15,48
1256,Jason Edwards,09-02-1975,J22810925,ADC,76,45
1257,Kimberly Brown,02-09-1999,H50641909,COG,56,51
1258,Laura Ward,23-01-1981,I74549867,ETA,47,28
1259,Jason Edwards,09-02-1975,J22810925,MPH,87,45
1260,Jacob Duran,25-02-1988,A85793465,NCY,20,48
1261,Danny Pratt,31-10-1998,E10934506,XLE,112,47
1262,Jacob Duran,25-02-1988,A85793465,UAN,126,17
1263,Jason Edwards,09-02-1975,J22810925,LAT,87,15
1264,Jessica Harvey,08-04-1996,L89163667,NCY,116,37
1265,Jacob Duran,25-02-1988,A85793465,LAM,123,48
1266,Ronald Monroe,12-09-1984,C02131672,COG,108,2
1267,Laura Ward,23-01-1981,I74549867,EAL,47,28
1268,Jason Edwards,09-02-1975,J22810925,IBE,41,45
1269,Linda Warren,13-03-1975,L01109034,XLE,97,50
1270,Jason Edwards,09-02-1975,J22810925,LAM,88,45
1271,Jacob Duran,25-02-1988,A85793465,LAM,59,17
1272,Danny Pratt,31-10-1998,E10934506,BTA,21,36
1273,Jacob Duran,25-02-1988,A85793465,UAN,99,17
1274,Danny Pratt,31-10-1998,E10934506,EAL,148,36
1275,Kimberly Brown,02-09-1999,H50641909,ADC,36,22
1276,Jason Edwards,09-02-1975,J22810925,LRC,144,45
1277,Kimberly Brown,02-09-1999,H50641909,ADC,98,22
1278,Curtis Gutierrez,14-03-1974,Q46419538,ADC,128,7
1279,Laura Ward,23-01-1981,I74549867,MPH,90,28
1280,Matthew Walsh,20-09-1993,S26547035,LAT,77,46
1281,Jacob Duran,25-02-1988,A85793465,KAI,29,48
1282,Joe Cabrera,13-08-1994,O98651462,QAF,81,25
1283,Linda Warren,13-03-1975,L01109034,NCY,69,50
1284,Jacob Duran,25-02-1988,A85793465,KAI,9,17
1285,Kimberly Brown,02-09-1999,H50641909,ADC,139,22
1286,Danny Pratt,31-10-1998,E10934506,ADC,103,47
1287,Gabriel Palmer,18-08-1981,O88716397,EAL,74,31
1288,Jacob Duran,25-02-1988,A85793465,KAI,126,48
1289,Jason Edwards,09-02-1975,J22810925,MPH,107,15
1290,Eric Phelps,01-10-1994,B96464671,ETA,93,35
1291,Gabriel Palmer,18-08-1981,O88716397,UAN,45,40
1292,Jacob Duran,25-02-1988,A85793465,AZI,73,17
1293,Jason Edwards,09-02-1975,J22810925,XLE,80,45
1294,Jeffrey Roberts,02-12-1971,G16561693,LUD,114,19
1295,Ronald Monroe,12-09-1984,C02131672,QAF,108,2
1296,Jason Edwards,09-02-1975,J22810925,ETA,60,15
1297,Jason Edwards,09-02-1975,J22810925,LAM,87,45
1298,Jason Edwards,09-02-1975,J22810925,LUD,76,45
1299,Jessica Harvey,08-04-1996,L89163667,AZI,116,37
1300,Eric Phelps,01-10-1994,B96464671,UCA,95,35
1301,Gene Obrien,02-07-1999,Q49180524,LAT,43,0
1302,Jason Edwards,09-02-1975,J22810925,UCA,87,15
1303,Jason Edwards,09-02-1975,J22810925,LAM,144,15
1304,Jessica Harvey,08-04-1996,L89163667,IBE,75,37
1305,Danny Pratt,31-10-1998,E10934506,XLE,125,47
1306,Ronald Monroe,12-09-1984,C02131672,UAN,109,2
1307,Jason Edwards,09-02-1975,J22810925,LAM,142,45
1308,Laura Ward,23-01-1981,I74549867,COG,134,28
1309,Jacob Duran,25-02-1988,A85793465,KAI,20,17
1310,Latasha Nelson,09-05-1986,V51246373,LRC,110,49
1311,Gene Obrien,02-07-1999,Q49180524,LAT,115,0
1312,Danny Pratt,31-10-1998,E10934506,BTA,127,36
1313,Jason Edwards,09-02-1975,J22810925,IBE,132,45
1314,Jessica Harvey,08-04-1996,L89163667,AZI,40,37
1315,Jacob Duran,25-02-1988,A85793465,AZI,1,17
1316,Jason Edwards,09-02-1975,J22810925,UCA,144,15
1317,Jacob Duran,25-02-1988,A85793465,COG,20,48
1318,Kimberly Brown,02-09-1999,H50641909,ADC,111,22
1319,Jason Edwards,09-02-1975,J22810925,IBE,88,45
1320,Jacob Duran,25-02-1988,A85793465,UAN,20,48
1321,Linda Warren,13-03-1975,L01109034,LAW,18,50
1322,Ronald Monroe,12-09-1984,C02131672,UAN,50,2
1323,Jason Edwards,09-02-1975,J22810925,ADC,142,45
1324,Jason Edwards,09-02-1975,J22810925,XLE,142,45
1325,Jason Edwards,09-02-1975,J22810925,ETA,6,45
1326,Ronald Monroe,12-09-1984,C02131672,LUD,30,2
1327,Jason Edwards,09-02-1975,J22810925,UCA,41,45
1328,Danny Pratt,31-10-1998,E10934506,XLE,103,47
1329,Curtis Gutierrez,14-03-1974,Q46419538,BTA,28,7
1330,Jacob Duran,25-02-1988,A85793465,KAI,3,17
1331,Jason Edwards,09-02-1975,J22810925,MPH,144,45
1332,Jacob Duran,25-02-1988,A85793465,QAF,52,48
1333,Jacob Duran,25-02-1988,A85793465,COG,3,17
1334,Curtis Gutierrez,14-03-1974,Q46419538,BTA,13,7
1335,Danny Pratt,31-10-1998,E10934506,XLE,21,36
1336,Jacob Duran,25-02-1988,A85793465,LAW,59,48
1337,Ronald Monroe,12-09-1984,C02131672,LUD,121,41
1338,Joe Cabrera,13-08-1994,O98651462,KEA,67,25
1339,Jason Edwards,09-02-1975,J22810925,LAT,107,15
1340,Jason Edwards,09-02-1975,J22810925,LRC,64,45
1341,Jacob Duran,25-02-1988,A85793465,BTA,15,17
1342,Jacob Duran,25-02-1988,A85793465,KEA,52,48
1343,Laura Ward,23-01-1981,I74549867,ETA,90,28
1344,Jacob Duran,25-02-1988,A85793465,AZI,57,17
1345,Jacob Duran,25-02-1988,A85793465,UAN,101,48
1346,Jacob Duran,25-02-1988,A85793465,LAW,35,48
1347,Jacob Duran,25-02-1988,A85793465,KEA,15,48
1348,Kimberly Brown,02-09-1999,H50641909,IBE,36,22
1349,Jason Edwards,09-02-1975,J22810925,LUD,107,45
1350,Laura Ward,23-01-1981,I74549867,ETA,120,28
1351,Jacob Duran,25-02-1988,A85793465,LAW,3,17
1352,Jason Edwards,09-02-1975,J22810925,IBE,142,45
1353,Jason Edwards,09-02-1975,J22810925,IBE,87,45
1354,Kimberly Brown,02-09-1999,H50641909,ADC,32,51
1355,Linda Warren,13-03-1975,L01109034,ETA,39,50
1356,Jacob Duran,25-02-1988,A85793465,COG,129,48
1357,Jessica Harvey,08-04-1996,L89163667,NCY,70,37
1358,Linda Warren,13-03-1975,L01109034,ADC,26,50
1359,Eric Phelps,01-10-1994,B96464671,XLE,95,35
1360,Jason Edwards,09-02-1975,J22810925,LAM,80,15
1361,Danny Pratt,31-10-1998,E10934506,BTA,8,47
1362,Jacob Duran,25-02-1988,A85793465,KEA,29,17
1363,Jacob Duran,25-02-1988,A85793465,QAF,99,17
1364,Danny Pratt,31-10-1998,E10934506,XLE,127,47
1365,Jason Edwards,09-02-1975,J22810925,LRC,60,15
1366,Jacob Duran,25-02-1988,A85793465,AZI,29,17
1367,Jessica Harvey,08-04-1996,L89163667,AZI,143,37
1368,Ronald Monroe,12-09-1984,C02131672,AZI,108,41
1369,Danny Pratt,31-10-1998,E10934506,UCA,38,36
1370,Jeffrey Roberts,02-12-1971,G16561693,KEA,10,19
1371,Jessica Harvey,08-04-1996,L89163667,IBE,70,37
1372,Jacob Duran,25-02-1988,A85793465,UAN,15,48
1373,Joe Cabrera,13-08-1994,O98651462,LAT,67,25
1374,Kimberly Brown,02-09-1999,H50641909,KAI,84,22
1375,Jacob Duran,25-02-1988,A85793465,AZI,52,17
1376,Jessica Harvey,08-04-1996,L89163667,AZI,75,37
1377,Jacob Duran,25-02-1988,A85793465,NCY,129,48
1378,Jacob Duran,25-02-1988,A85793465,COG,101,17
1379,Jacob Duran,25-02-1988,A85793465,LAW,123,17
1380,Ronald Monroe,12-09-1984,C02131672,LAM,108,2
1381,Jessica Harvey,08-04-1996,L89163667,AZI,145,37
1382,Jason Edwards,09-02-1975,J22810925,LRC,55,15
1383,Jessica Harvey,08-04-1996,L89163667,AZI,122,37
1384,Jason Edwards,09-02-1975,J22810925,ADC,107,15
1385,Jacob Duran,25-02-1988,A85793465,EAL,29,17
1386,Danny Pratt,31-10-1998,E10934506,KAI,138,47
1387,John Ross,16-03-1979,F40422038,UAN,42,29
1388,Eric Phelps,01-10-1994,B96464671,UCA,25,35
1389,Jacob Duran,25-02-1988,A85793465,COG,57,17
1390,Danny Pratt,31-10-1998,E10934506,KAI,38,36
1391,Jacob Duran,25-02-1988,A85793465,NCY,57,17
1392,Jacob Duran,25-02-1988,A85793465,UAN,117,48
1393,Jacob Duran,25-02-1988,A85793465,QAF,3,17
1394,Jessica Harvey,08-04-1996,L89163667,NCY,72,37
1395,Danny Pratt,31-10-1998,E10934506,ADC,103,36
1396,Danny Pratt,31-10-1998,E10934506,KAI,8,47
1397,Joe Cabrera,13-08-1994,O98651462,KEA,79,25
1398,Kimberly Brown,02-09-1999,H50641909,COG,36,51
1399,Jacob Duran,25-02-1988,A85793465,UAN,35,48
1400,Jason Edwards,09-02-1975,J22810925,ETA,100,15
1401,Jacob Duran,25-02-1988,A85793465,LAM,15,48
1402,Jacob Duran,25-02-1988,A85793465,QAF,129,48
1403,Laura Ward,23-01-1981,I74549867,MPH,89,28
1404,Jacob Duran,25-02-1988,A85793465,LAM,35,48
1405,Danny Pratt,31-10-1998,E10934506,KAI,112,47
1406,Curtis Gutierrez,14-03-1974,Q46419538,AZI,128,7
1407,Danny Pratt,31-10-1998,E10934506,KAI,103,36
1408,Jacob Duran,25-02-1988,A85793465,BTA,4,17
1409,Alex Deleon,03-10-1979,A35692355,MPH,66,11
1410,Ronald Monroe,12-09-1984,C02131672,AZI,121,41
1411,Kimberly Brown,02-09-1999,H50641909,IBE,84,51
1412,Danny Pratt,31-10-1998,E10934506,EAL,38,47
1413,Jacob Duran,25-02-1988,A85793465,NCY,73,17
1414,Danny Pratt,31-10-1998,E10934506,KAI,127,36
1415,Jacob Duran,25-02-1988,A85793465,NCY,29,48
1416,Kimberly Brown,02-09-1999,H50641909,COG,98,22
1417,Jacob Duran,25-02-1988,A85793465,UAN,57,48
1418,Jacob Duran,25-02-1988,A85793465,COG,59,48
1419,Jason Edwards,09-02-1975,J22810925,LRC,132,15
1420,Jason Edwards,09-02-1975,J22810925,LUD,142,15
1421,Jason Edwards,09-02-1975,J22810925,MPH,100,15
1422,Jacob Duran,25-02-1988,A85793465,LAW,20,17
1423,Joe Cabrera,13-08-1994,O98651462,QAF,2,25
1424,Eric Phelps,01-10-1994,B96464671,UCA,93,35
1425,Jason Edwards,09-02-1975,J22810925,LRC,64,15
1426,Jacob Duran,25-02-1988,A85793465,LAM,4,17
1427,John Ross,16-03-1979,F40422038,QAF,42,29
1428,Jacob Duran,25-02-1988,A85793465,KAI,123,17
1429,Jacob Duran,25-02-1988,A85793465,NCY,9,48
1430,Kimberly Brown,02-09-1999,H50641909,ADC,56,22
1431,Latasha Nelson,09-05-1986,V51246373,NCY,130,49
1432,Jason Edwards,09-02-1975,J22810925,MPH,60,15
1433,Latasha Nelson,09-05-1986,V51246373,MPH,96,49
1434,Jason Edwards,09-02-1975,J22810925,LRC,142,45
1435,Jacob Duran,25-02-1988,A85793465,KAI,4,17
1436,Danny Pratt,31-10-1998,E10934506,KAI,112,36
1437,Jacob Duran,25-02-1988,A85793465,QAF,4,17
1438,Jason Edwards,09-02-1975,J22810925,LAM,87,15
1439,Jacob Duran,25-02-1988,A85793465,LAM,99,17
1440,Jason Edwards,09-02-1975,J22810925,UCA,142,15
1441,Danny Pratt,31-10-1998,E10934506,XLE,38,36
1442,Jacob Duran,25-02-1988,A85793465,KAI,3,48
1443,Jacob Duran,25-02-1988,A85793465,AZI,57,48
1444,Curtis Gutierrez,14-03-1974,Q46419538,ADC,13,7
1445,Eric Phelps,01-10-1994,B96464671,KEA,63,35
1446,Jacob Duran,25-02-1988,A85793465,EAL,9,17
1447,Jacob Duran,25-02-1988,A85793465,LAW,123,48
1448,Jason Edwards,09-02-1975,J22810925,ADC,87,15
1449,Jacob Duran,25-02-1988,A85793465,AZI,99,17
1450,Jacob Duran,25-02-1988,A85793465,KEA,57,17
1451,Jacob Duran,25-02-1988,A85793465,LAW,9,48
1452,Curtis Gutierrez,14-03-1974,Q46419538,NCY,71,7
1453,Kimberly Brown,02-09-1999,H50641909,XLE,124,22
1454,Jessica Harvey,08-04-1996,L89163667,AZI,19,37
1455,Jacob Duran,25-02-1988,A85793465,KEA,101,17
1456,Jason Edwards,09-02-1975,J22810925,UCA,55,45
1457,Jason Edwards,09-02-1975,J22810925,UCA,132,45
1458,Kimberly Brown,02-09-1999,H50641909,XLE,56,22
1459,Jason Edwards,09-02-1975,J22810925,XLE,41,15
1460,Jason Edwards,09-02-1975,J22810925,LAM,64,45
1461,Jason Edwards,09-02-1975,J22810925,LAT,41,45
1462,John Ross,16-03-1979,F40422038,QAF,33,29
1463,Eric Phelps,01-10-1994,B96464671,ETA,85,35
1464,Curtis Gutierrez,14-03-1974,Q46419538,AZI,13,7
1465,Curtis Gutierrez,14-03-1974,Q46419538,NCY,51,7
1466,Kimberly Brown,02-09-1999,H50641909,ADC,36,51
1467,Matthew Walsh,20-09-1993,S26547035,EAL,131,46
1468,Jacob Duran,25-02-1988,A85793465,QAF,140,48
1469,Jacob Duran,25-02-1988,A85793465,EAL,123,17
1470,Jacob Duran,25-02-1988,A85793465,UAN,117,17
1471,Jason Edwards,09-02-1975,J22810925,ADC,132,15
1472,Curtis Gutierrez,14-03-1974,Q46419538,KAI,71,7
1473,Curtis Gutierrez,14-03-1974,Q46419538,BTA,61,7
1474,Kimberly Brown,02-09-1999,H50641909,IBE,32,51
1475,Jacob Duran,25-02-1988,A85793465,KAI,99,17
1476,Alex Deleon,03-10-1979,A35692355,MPH,12,11
1477,Joe Cabrera,13-08-1994,O98651462,BTA,91,25
1478,Danny Pratt,31-10-1998,E10934506,ADC,138,47
1479,Linda Warren,13-03-1975,L01109034,XLE,69,50
1480,Jacob Duran,25-02-1988,A85793465,EAL,123,48
1481,Danny Pratt,31-10-1998,E10934506,KAI,21,36
1482,Ronald Monroe,12-09-1984,C02131672,UAN,102,2
1483,Jacob Duran,25-02-1988,A85793465,UAN,3,48
1484,Jacob Duran,25-02-1988,A85793465,EAL,20,48
