id;nombre;fecha_nacimiento;pasaporte;codigo_compania;vuelo_id;licencia
1;Gabriel Palmer;1981-08-18;O88716397;UAN;64;31
2;Eric Phelps;1994-10-01;B96464671;KEA;21;35
3;Linda Warren;1975-03-13;L01109034;NCY;9;50
4;Laura Ward;1981-01-23;I74549867;MPH;36;28
5;Danny Pratt;1998-10-31;E10934506;ADC;91;47
6;Danny Pratt;1998-10-31;E10934506;UCA;139;47
7;Danny Pratt;1998-10-31;E10934506;EAL;29;47
8;Alex Deleon;1979-10-03;A35692355;IBE;69;11
9;Jacob Duran;1988-02-25;A85793465;NCY;17;17
10;Jason Edwards;1975-02-09;J22810925;LRC;109;45
11;Jason Edwards;1975-02-09;J22810925;LRC;120;45
12;Jacob Duran;1988-02-25;A85793465;LAW;74;48
13;Ronald Monroe;1984-09-12;C02131672;LUD;89;41
14;Jason Edwards;1975-02-09;J22810925;LRC;131;45
15;Gene Obrien;1999-07-02;Q49180524;AZI;100;0
16;Jason Edwards;1975-02-09;J22810925;ADC;131;15
17;Linda Warren;1975-03-13;L01109034;ADC;105;50
18;Jacob Duran;1988-02-25;A85793465;COG;13;48
19;Joe Cabrera;1994-08-13;O98651462;BTA;129;25
20;Kimberly Brown;1999-09-02;H50641909;XLE;54;22
21;Jason Edwards;1975-02-09;J22810925;LRC;0;15
22;Jacob Duran;1988-02-25;A85793465;LAM;53;17
23;Jacob Duran;1988-02-25;A85793465;COG;51;17
24;Jason Edwards;1975-02-09;J22810925;LAT;119;15
25;Curtis Gutierrez;1974-03-14;Q46419538;AZI;1;7
26;Joe Cabrera;1994-08-13;O98651462;LAT;16;25
27;Gene Obrien;1999-07-02;Q49180524;LAT;100;0
28;Jason Edwards;1975-02-09;J22810925;ADC;67;45
29;Linda Warren;1975-03-13;L01109034;NCY;71;50
30;Curtis Gutierrez;1974-03-14;Q46419538;ADC;19;7
31;Curtis Gutierrez;1974-03-14;Q46419538;ADC;8;7
32;Eric Phelps;1994-10-01;B96464671;UCA;112;35
33;Linda Warren;1975-03-13;L01109034;XLE;10;50
34;Jacob Duran;1988-02-25;A85793465;LAM;13;17
35;Danny Pratt;1998-10-31;E10934506;EAL;29;36
36;Ronald Monroe;1984-09-12;C02131672;QAF;89;2
37;Jacob Duran;1988-02-25;A85793465;KEA;66;17
38;Latasha Nelson;1986-05-09;V51246373;LRC;62;49
39;Jacob Duran;1988-02-25;A85793465;KAI;51;17
40;Jacob Duran;1988-02-25;A85793465;LAM;17;48
41;Jason Edwards;1975-02-09;J22810925;ADC;110;15
42;Latasha Nelson;1986-05-09;V51246373;LRC;26;49
43;Jason Edwards;1975-02-09;J22810925;MPH;0;15
44;Joe Cabrera;1994-08-13;O98651462;KEA;94;25
45;Kimberly Brown;1999-09-02;H50641909;IBE;140;22
46;Alex Deleon;1979-10-03;A35692355;IBE;76;11
47;Danny Pratt;1998-10-31;E10934506;BTA;72;36
48;Linda Warren;1975-03-13;L01109034;LAW;127;50
49;Ronald Monroe;1984-09-12;C02131672;LUD;42;2
50;Jason Edwards;1975-02-09;J22810925;XLE;67;45
51;Jessica Harvey;1996-04-08;L89163667;NCY;86;37
52;Kimberly Brown;1999-09-02;H50641909;KAI;115;22
53;Eric Phelps;1994-10-01;B96464671;XLE;21;35
54;Jacob Duran;1988-02-25;A85793465;UAN;17;48
55;Eric Phelps;1994-10-01;B96464671;XLE;84;35
56;Jason Edwards;1975-02-09;J22810925;LRC;56;15
57;Jacob Duran;1988-02-25;A85793465;EAL;31;17
58;Jessica Harvey;1996-04-08;L89163667;NCY;146;37
59;Jason Edwards;1975-02-09;J22810925;ETA;12;15
60;Danny Pratt;1998-10-31;E10934506;EAL;139;36
61;Kimberly Brown;1999-09-02;H50641909;IBE;38;51
62;Jason Edwards;1975-02-09;J22810925;MPH;131;45
63;Danny Pratt;1998-10-31;E10934506;BTA;145;36
64;Curtis Gutierrez;1974-03-14;Q46419538;AZI;19;7
65;Jason Edwards;1975-02-09;J22810925;LAM;12;45
66;Jessica Harvey;1996-04-08;L89163667;UCA;107;37
67;Jason Edwards;1975-02-09;J22810925;ADC;109;15
68;Curtis Gutierrez;1974-03-14;Q46419538;AZI;68;7
69;Matthew Walsh;1993-09-20;S26547035;IBE;44;12
70;Jacob Duran;1988-02-25;A85793465;UAN;51;17
71;Jacob Duran;1988-02-25;A85793465;QAF;39;48
72;Jessica Harvey;1996-04-08;L89163667;LRC;60;37
73;Eric Phelps;1994-10-01;B96464671;KEA;147;35
74;John Ross;1979-03-16;F40422038;BTA;106;29
75;Curtis Gutierrez;1974-03-14;Q46419538;NCY;1;7
76;Curtis Gutierrez;1974-03-14;Q46419538;KAI;141;7
77;Linda Warren;1975-03-13;L01109034;LAW;9;50
78;Kimberly Brown;1999-09-02;H50641909;KAI;136;22
79;Jason Edwards;1975-02-09;J22810925;ADC;0;45
80;Curtis Gutierrez;1974-03-14;Q46419538;KAI;8;7
81;Latasha Nelson;1986-05-09;V51246373;LRC;97;49
82;Kimberly Brown;1999-09-02;H50641909;ADC;136;22
83;Danny Pratt;1998-10-31;E10934506;EAL;137;47
84;Gabriel Palmer;1981-08-18;O88716397;UAN;123;40
85;Jacob Duran;1988-02-25;A85793465;QAF;66;48
86;Jason Edwards;1975-02-09;J22810925;MPH;131;15
87;Eric Phelps;1994-10-01;B96464671;UCA;147;35
88;Jason Edwards;1975-02-09;J22810925;UCA;67;15
89;Jacob Duran;1988-02-25;A85793465;LAM;2;17
90;Jacob Duran;1988-02-25;A85793465;QAF;98;48
91;Danny Pratt;1998-10-31;E10934506;EAL;91;47
92;Alex Deleon;1979-10-03;A35692355;ETA;76;11
93;Jason Edwards;1975-02-09;J22810925;ETA;110;15
94;Danny Pratt;1998-10-31;E10934506;BTA;128;36
95;Danny Pratt;1998-10-31;E10934506;ADC;144;36
96;Jason Edwards;1975-02-09;J22810925;LUD;56;45
97;Matthew Walsh;1993-09-20;S26547035;LRC;70;46
98;Jacob Duran;1988-02-25;A85793465;AZI;31;17
99;Eric Phelps;1994-10-01;B96464671;IBE;143;35
100;Linda Warren;1975-03-13;L01109034;LAW;85;50
101;Danny Pratt;1998-10-31;E10934506;EAL;145;36
102;Jacob Duran;1988-02-25;A85793465;BTA;66;17
103;Jason Edwards;1975-02-09;J22810925;XLE;109;45
104;Jason Edwards;1975-02-09;J22810925;IBE;45;45
105;Kimberly Brown;1999-09-02;H50641909;XLE;115;22
106;Laura Ward;1981-01-23;I74549867;COG;41;28
107;Linda Warren;1975-03-13;L01109034;ADC;127;50
108;Joe Cabrera;1994-08-13;O98651462;KEA;32;25
109;Jason Edwards;1975-02-09;J22810925;XLE;12;45
110;Kimberly Brown;1999-09-02;H50641909;IBE;115;22
111;Joe Cabrera;1994-08-13;O98651462;COG;94;25
112;John Ross;1979-03-16;F40422038;MPH;126;29
113;Jacob Duran;1988-02-25;A85793465;NCY;51;17
114;Jacob Duran;1988-02-25;A85793465;UAN;108;17
115;Danny Pratt;1998-10-31;E10934506;BTA;142;36
116;Jason Edwards;1975-02-09;J22810925;ADC;110;45
117;Danny Pratt;1998-10-31;E10934506;KAI;139;47
118;Danny Pratt;1998-10-31;E10934506;BTA;33;36
119;Jacob Duran;1988-02-25;A85793465;AZI;2;17
120;Linda Warren;1975-03-13;L01109034;ETA;85;50
121;Joe Cabrera;1994-08-13;O98651462;COG;15;25
122;Kimberly Brown;1999-09-02;H50641909;KAI;43;51
123;Jessica Harvey;1996-04-08;L89163667;UCA;146;37
124;Jason Edwards;1975-02-09;J22810925;LRC;110;15
125;Jacob Duran;1988-02-25;A85793465;LAW;111;48
126;Danny Pratt;1998-10-31;E10934506;UCA;137;47
127;Curtis Gutierrez;1974-03-14;Q46419538;BTA;68;7
128;Jeffrey Roberts;1971-12-02;G16561693;ETA;93;19
129;Jacob Duran;1988-02-25;A85793465;LAW;17;48
130;Jason Edwards;1975-02-09;J22810925;LAM;45;45
131;Jacob Duran;1988-02-25;A85793465;UAN;31;48
132;Jacob Duran;1988-02-25;A85793465;QAF;13;17
133;Jacob Duran;1988-02-25;A85793465;QAF;111;17
134;Jason Edwards;1975-02-09;J22810925;XLE;0;45
135;Eric Phelps;1994-10-01;B96464671;IBE;21;35
136;Danny Pratt;1998-10-31;E10934506;UCA;128;47
137;Gabriel Palmer;1981-08-18;O88716397;LUD;123;31
138;Jacob Duran;1988-02-25;A85793465;COG;48;17
139;Ronald Monroe;1984-09-12;C02131672;LAM;42;2
140;John Ross;1979-03-16;F40422038;MPH;27;29
141;Matthew Walsh;1993-09-20;S26547035;LRC;44;46
142;Jason Edwards;1975-02-09;J22810925;LRC;56;45
143;Jeffrey Roberts;1971-12-02;G16561693;IBE;124;19
144;Jacob Duran;1988-02-25;A85793465;COG;53;48
145;Jeffrey Roberts;1971-12-02;G16561693;IBE;30;19
146;Danny Pratt;1998-10-31;E10934506;XLE;81;47
147;Curtis Gutierrez;1974-03-14;Q46419538;NCY;19;7
148;Danny Pratt;1998-10-31;E10934506;KAI;37;36
149;Jacob Duran;1988-02-25;A85793465;LAM;48;17
150;Jacob Duran;1988-02-25;A85793465;KEA;108;17
151;Danny Pratt;1998-10-31;E10934506;UCA;95;36
152;Joe Cabrera;1994-08-13;O98651462;KEA;96;25
153;Linda Warren;1975-03-13;L01109034;ETA;105;50
154;Joe Cabrera;1994-08-13;O98651462;BTA;15;25
155;Joe Cabrera;1994-08-13;O98651462;QAF;32;25
156;Joe Cabrera;1994-08-13;O98651462;COG;63;25
157;Danny Pratt;1998-10-31;E10934506;UCA;144;47
158;Jacob Duran;1988-02-25;A85793465;LAW;51;48
159;Gabriel Palmer;1981-08-18;O88716397;LUD;90;40
160;Joe Cabrera;1994-08-13;O98651462;BTA;7;25
161;Jacob Duran;1988-02-25;A85793465;UAN;13;17
162;Jacob Duran;1988-02-25;A85793465;BTA;111;17
163;Alex Deleon;1979-10-03;A35692355;ETA;78;11
164;Jeffrey Roberts;1971-12-02;G16561693;KEA;124;19
165;Ronald Monroe;1984-09-12;C02131672;UAN;47;41
166;Jessica Harvey;1996-04-08;L89163667;NCY;148;37
167;Danny Pratt;1998-10-31;E10934506;EAL;95;36
168;Jason Edwards;1975-02-09;J22810925;XLE;119;45
169;Kimberly Brown;1999-09-02;H50641909;ADC;115;22
170;Jacob Duran;1988-02-25;A85793465;NCY;74;17
171;Danny Pratt;1998-10-31;E10934506;KAI;95;47
172;Jacob Duran;1988-02-25;A85793465;LAM;111;17
173;Danny Pratt;1998-10-31;E10934506;KAI;80;47
174;Danny Pratt;1998-10-31;E10934506;UCA;80;47
175;Jacob Duran;1988-02-25;A85793465;NCY;48;48
176;Jessica Harvey;1996-04-08;L89163667;IBE;86;37
177;Danny Pratt;1998-10-31;E10934506;BTA;80;36
178;Joe Cabrera;1994-08-13;O98651462;KEA;63;25
179;Jason Edwards;1975-02-09;J22810925;LAT;120;45
180;Danny Pratt;1998-10-31;E10934506;UCA;128;36
181;Jason Edwards;1975-02-09;J22810925;UCA;0;15
182;Joe Cabrera;1994-08-13;O98651462;LAW;96;25
183;Jacob Duran;1988-02-25;A85793465;COG;65;17
184;Jacob Duran;1988-02-25;A85793465;QAF;31;48
185;Latasha Nelson;1986-05-09;V51246373;LAW;116;49
186;Ronald Monroe;1984-09-12;C02131672;LAM;89;41
187;Curtis Gutierrez;1974-03-14;Q46419538;ADC;68;7
188;Danny Pratt;1998-10-31;E10934506;ADC;137;36
189;Jason Edwards;1975-02-09;J22810925;LRC;45;45
190;Kimberly Brown;1999-09-02;H50641909;XLE;136;51
191;Jacob Duran;1988-02-25;A85793465;KAI;65;17
192;Jacob Duran;1988-02-25;A85793465;KAI;74;48
193;Danny Pratt;1998-10-31;E10934506;ADC;95;47
194;Jacob Duran;1988-02-25;A85793465;EAL;111;17
195;Jason Edwards;1975-02-09;J22810925;MPH;119;45
196;Matthew Walsh;1993-09-20;S26547035;EAL;130;12
197;Matthew Walsh;1993-09-20;S26547035;LAT;134;12
198;Gene Obrien;1999-07-02;Q49180524;LAT;132;0
199;Kimberly Brown;1999-09-02;H50641909;XLE;135;22
200;Jacob Duran;1988-02-25;A85793465;EAL;51;48
201;Danny Pratt;1998-10-31;E10934506;KAI;72;47
202;Gene Obrien;1999-07-02;Q49180524;KEA;132;0
203;Jacob Duran;1988-02-25;A85793465;COG;17;17
204;Eric Phelps;1994-10-01;B96464671;ETA;143;35
205;Joe Cabrera;1994-08-13;O98651462;COG;82;25
206;Kimberly Brown;1999-09-02;H50641909;XLE;136;22
207;Jacob Duran;1988-02-25;A85793465;BTA;31;48
208;Danny Pratt;1998-10-31;E10934506;BTA;91;47
209;Danny Pratt;1998-10-31;E10934506;UCA;72;47
210;Gene Obrien;1999-07-02;Q49180524;LAT;75;0
211;Ronald Monroe;1984-09-12;C02131672;QAF;47;2
212;Gabriel Palmer;1981-08-18;O88716397;EAL;123;31
213;Kimberly Brown;1999-09-02;H50641909;KAI;38;22
214;Danny Pratt;1998-10-31;E10934506;BTA;128;47
215;Ronald Monroe;1984-09-12;C02131672;COG;34;41
216;Joe Cabrera;1994-08-13;O98651462;QAF;63;25
217;Mr. James Baxter;1982-05-03;H06267236;LAT;11;26
218;Joe Cabrera;1994-08-13;O98651462;COG;16;25
219;Jessica Harvey;1996-04-08;L89163667;LRC;59;37
220;Jason Edwards;1975-02-09;J22810925;ADC;56;45
221;Ronald Monroe;1984-09-12;C02131672;LAM;73;41
222;Jacob Duran;1988-02-25;A85793465;KAI;98;48
223;Jeffrey Roberts;1971-12-02;G16561693;KEA;102;19
224;Kimberly Brown;1999-09-02;H50641909;IBE;140;51
225;Eric Phelps;1994-10-01;B96464671;XLE;104;35
226;Jacob Duran;1988-02-25;A85793465;EAL;39;17
227;Jacob Duran;1988-02-25;A85793465;KEA;39;17
228;Curtis Gutierrez;1974-03-14;Q46419538;BTA;141;7
229;Eric Phelps;1994-10-01;B96464671;UCA;104;35
230;John Ross;1979-03-16;F40422038;QAF;126;29
231;Jason Edwards;1975-02-09;J22810925;LAM;67;45
232;Laura Ward;1981-01-23;I74549867;LAT;79;28
233;John Ross;1979-03-16;F40422038;QAF;5;29
234;Jacob Duran;1988-02-25;A85793465;AZI;65;48
235;Latasha Nelson;1986-05-09;V51246373;MPH;122;49
236;Danny Pratt;1998-10-31;E10934506;ADC;37;47
237;Jacob Duran;1988-02-25;A85793465;EAL;48;48
238;Jacob Duran;1988-02-25;A85793465;QAF;74;48
239;Matthew Walsh;1993-09-20;S26547035;LRC;46;12
240;Matthew Walsh;1993-09-20;S26547035;LAT;88;46
241;Danny Pratt;1998-10-31;E10934506;UCA;91;47
242;Jacob Duran;1988-02-25;A85793465;AZI;48;17
243;Gene Obrien;1999-07-02;Q49180524;KAI;138;0
244;Danny Pratt;1998-10-31;E10934506;ADC;145;47
245;Jacob Duran;1988-02-25;A85793465;COG;65;48
246;Eric Phelps;1994-10-01;B96464671;KEA;58;35
247;Jacob Duran;1988-02-25;A85793465;KAI;13;17
248;Jacob Duran;1988-02-25;A85793465;KEA;74;17
249;Gene Obrien;1999-07-02;Q49180524;KEA;75;0
250;Curtis Gutierrez;1974-03-14;Q46419538;BTA;8;7
251;Ronald Monroe;1984-09-12;C02131672;UAN;47;2
252;Danny Pratt;1998-10-31;E10934506;ADC;29;47
253;Jacob Duran;1988-02-25;A85793465;COG;111;48
254;Matthew Walsh;1993-09-20;S26547035;LRC;130;46
255;Ronald Monroe;1984-09-12;C02131672;LAM;89;2
256;Matthew Walsh;1993-09-20;S26547035;LRC;44;12
257;Jacob Duran;1988-02-25;A85793465;QAF;66;17
258;Jacob Duran;1988-02-25;A85793465;COG;98;48
259;Jason Edwards;1975-02-09;J22810925;UCA;109;45
260;Matthew Walsh;1993-09-20;S26547035;LAT;44;12
261;Matthew Walsh;1993-09-20;S26547035;IBE;130;12
262;Kimberly Brown;1999-09-02;H50641909;COG;133;22
263;Jacob Duran;1988-02-25;A85793465;BTA;13;48
264;Jason Edwards;1975-02-09;J22810925;IBE;12;15
265;Jacob Duran;1988-02-25;A85793465;NCY;53;17
266;Jason Edwards;1975-02-09;J22810925;XLE;45;15
267;Joe Cabrera;1994-08-13;O98651462;QAF;129;25
268;Kimberly Brown;1999-09-02;H50641909;IBE;136;51
269;Ronald Monroe;1984-09-12;C02131672;QAF;34;41
270;Latasha Nelson;1986-05-09;V51246373;LAW;26;49
271;John Ross;1979-03-16;F40422038;BTA;126;29
272;Curtis Gutierrez;1974-03-14;Q46419538;NCY;141;7
273;Joe Cabrera;1994-08-13;O98651462;QAF;18;25
274;Jacob Duran;1988-02-25;A85793465;EAL;65;48
275;Jason Edwards;1975-02-09;J22810925;LAT;56;15
276;Jacob Duran;1988-02-25;A85793465;LAW;39;17
277;Jacob Duran;1988-02-25;A85793465;QAF;13;48
278;Matthew Walsh;1993-09-20;S26547035;IBE;88;12
279;John Ross;1979-03-16;F40422038;MPH;5;29
280;Jason Edwards;1975-02-09;J22810925;ETA;120;45
281;Danny Pratt;1998-10-31;E10934506;UCA;91;36
282;Jacob Duran;1988-02-25;A85793465;EAL;51;17
283;Laura Ward;1981-01-23;I74549867;ETA;114;28
284;Jacob Duran;1988-02-25;A85793465;EAL;13;48
285;Jason Edwards;1975-02-09;J22810925;ADC;120;45
286;Jason Edwards;1975-02-09;J22810925;MPH;45;45
287;Jessica Harvey;1996-04-08;L89163667;IBE;59;37
288;Danny Pratt;1998-10-31;E10934506;KAI;139;36
289;Jason Edwards;1975-02-09;J22810925;XLE;109;15
290;Jacob Duran;1988-02-25;A85793465;NCY;51;48
291;Jessica Harvey;1996-04-08;L89163667;IBE;60;37
292;Ronald Monroe;1984-09-12;C02131672;COG;89;41
293;Kimberly Brown;1999-09-02;H50641909;COG;43;22
294;Jacob Duran;1988-02-25;A85793465;UAN;111;48
295;Jacob Duran;1988-02-25;A85793465;LAW;48;17
296;Kimberly Brown;1999-09-02;H50641909;COG;115;51
297;Danny Pratt;1998-10-31;E10934506;XLE;91;47
298;Latasha Nelson;1986-05-09;V51246373;LAW;14;49
299;Jacob Duran;1988-02-25;A85793465;AZI;51;48
300;Joe Cabrera;1994-08-13;O98651462;LAW;3;25
301;Ronald Monroe;1984-09-12;C02131672;COG;34;2
302;Joe Cabrera;1994-08-13;O98651462;LAW;18;25
303;Jason Edwards;1975-02-09;J22810925;LAM;109;15
304;Kimberly Brown;1999-09-02;H50641909;XLE;140;51
305;Jacob Duran;1988-02-25;A85793465;LAW;39;48
306;Jason Edwards;1975-02-09;J22810925;ETA;67;45
307;Jacob Duran;1988-02-25;A85793465;NCY;66;48
308;Jason Edwards;1975-02-09;J22810925;LUD;45;15
309;Danny Pratt;1998-10-31;E10934506;UCA;37;47
310;Matthew Walsh;1993-09-20;S26547035;LAT;88;12
311;Jason Edwards;1975-02-09;J22810925;ADC;12;45
312;Jason Edwards;1975-02-09;J22810925;LAM;0;15
313;Curtis Gutierrez;1974-03-14;Q46419538;BTA;19;7
314;Jessica Harvey;1996-04-08;L89163667;LRC;107;37
315;Jason Edwards;1975-02-09;J22810925;ETA;110;45
316;Jacob Duran;1988-02-25;A85793465;EAL;53;48
317;Jason Edwards;1975-02-09;J22810925;IBE;119;45
318;Jason Edwards;1975-02-09;J22810925;LRC;45;15
319;Jacob Duran;1988-02-25;A85793465;UAN;39;48
320;Ronald Monroe;1984-09-12;C02131672;QAF;34;2
321;Matthew Walsh;1993-09-20;S26547035;EAL;70;12
322;Gabriel Palmer;1981-08-18;O88716397;EAL;90;40
323;Joe Cabrera;1994-08-13;O98651462;LAW;4;25
324;Latasha Nelson;1986-05-09;V51246373;MPH;26;49
325;Jeffrey Roberts;1971-12-02;G16561693;IBE;50;19
326;Laura Ward;1981-01-23;I74549867;ETA;79;28
327;Kimberly Brown;1999-09-02;H50641909;ADC;38;22
328;Jason Edwards;1975-02-09;J22810925;MPH;120;15
329;Jason Edwards;1975-02-09;J22810925;LUD;56;15
330;Jason Edwards;1975-02-09;J22810925;XLE;0;15
331;Gene Obrien;1999-07-02;Q49180524;LAT;138;0
332;Matthew Walsh;1993-09-20;S26547035;LRC;70;12
333;Ronald Monroe;1984-09-12;C02131672;AZI;73;41
334;Laura Ward;1981-01-23;I74549867;ETA;118;28
335;Jason Edwards;1975-02-09;J22810925;MPH;12;15
336;Eric Phelps;1994-10-01;B96464671;XLE;147;35
337;Jacob Duran;1988-02-25;A85793465;QAF;74;17
338;Jason Edwards;1975-02-09;J22810925;MPH;110;15
339;Jason Edwards;1975-02-09;J22810925;UCA;56;45
340;Jason Edwards;1975-02-09;J22810925;LAM;131;15
341;Kimberly Brown;1999-09-02;H50641909;COG;115;22
342;Danny Pratt;1998-10-31;E10934506;KAI;137;36
343;Jacob Duran;1988-02-25;A85793465;BTA;108;48
344;Jacob Duran;1988-02-25;A85793465;NCY;48;17
345;Jason Edwards;1975-02-09;J22810925;LAT;131;15
346;Jeffrey Roberts;1971-12-02;G16561693;KEA;25;19
347;Jacob Duran;1988-02-25;A85793465;LAM;111;48
348;Kimberly Brown;1999-09-02;H50641909;XLE;38;51
349;Alex Deleon;1979-10-03;A35692355;ETA;69;11
350;Alex Deleon;1979-10-03;A35692355;MPH;78;11
351;Danny Pratt;1998-10-31;E10934506;XLE;145;36
352;Jason Edwards;1975-02-09;J22810925;LUD;119;45
353;Eric Phelps;1994-10-01;B96464671;KEA;112;35
354;Jacob Duran;1988-02-25;A85793465;EAL;66;17
355;Danny Pratt;1998-10-31;E10934506;BTA;144;36
356;Danny Pratt;1998-10-31;E10934506;ADC;37;36
357;John Ross;1979-03-16;F40422038;BTA;5;29
358;Danny Pratt;1998-10-31;E10934506;KAI;72;36
359;Jason Edwards;1975-02-09;J22810925;LAM;120;45
360;Jason Edwards;1975-02-09;J22810925;LRC;67;15
361;Jacob Duran;1988-02-25;A85793465;EAL;2;17
362;Jacob Duran;1988-02-25;A85793465;NCY;98;48
363;Jason Edwards;1975-02-09;J22810925;UCA;56;15
364;Joe Cabrera;1994-08-13;O98651462;BTA;4;25
365;Joe Cabrera;1994-08-13;O98651462;BTA;63;25
366;Danny Pratt;1998-10-31;E10934506;BTA;91;36
367;Danny Pratt;1998-10-31;E10934506;BTA;81;36
368;Jacob Duran;1988-02-25;A85793465;KAI;2;48
369;Jason Edwards;1975-02-09;J22810925;LAM;45;15
370;Linda Warren;1975-03-13;L01109034;ETA;71;50
371;Jessica Harvey;1996-04-08;L89163667;AZI;148;37
372;Jacob Duran;1988-02-25;A85793465;QAF;48;17
373;Laura Ward;1981-01-23;I74549867;COG;79;28
374;Jacob Duran;1988-02-25;A85793465;KEA;13;17
375;Kimberly Brown;1999-09-02;H50641909;ADC;61;51
376;Jacob Duran;1988-02-25;A85793465;LAW;108;17
377;Jason Edwards;1975-02-09;J22810925;UCA;67;45
378;Joe Cabrera;1994-08-13;O98651462;COG;7;25
379;Jacob Duran;1988-02-25;A85793465;LAM;13;48
380;Latasha Nelson;1986-05-09;V51246373;MPH;97;49
381;Jacob Duran;1988-02-25;A85793465;KAI;39;48
382;Kimberly Brown;1999-09-02;H50641909;KAI;54;51
383;Ronald Monroe;1984-09-12;C02131672;UAN;89;2
384;Kimberly Brown;1999-09-02;H50641909;KAI;135;22
385;Alex Deleon;1979-10-03;A35692355;IBE;78;11
386;Kimberly Brown;1999-09-02;H50641909;KAI;61;22
387;Latasha Nelson;1986-05-09;V51246373;NCY;22;49
388;Jacob Duran;1988-02-25;A85793465;UAN;111;17
389;Danny Pratt;1998-10-31;E10934506;XLE;145;47
390;Matthew Walsh;1993-09-20;S26547035;LAM;88;12
391;Danny Pratt;1998-10-31;E10934506;KAI;142;36
392;Gabriel Palmer;1981-08-18;O88716397;EAL;121;31
393;Matthew Walsh;1993-09-20;S26547035;LAM;88;46
394;Jason Edwards;1975-02-09;J22810925;LAM;67;15
395;Matthew Walsh;1993-09-20;S26547035;IBE;24;46
396;Jacob Duran;1988-02-25;A85793465;BTA;48;17
397;Kimberly Brown;1999-09-02;H50641909;IBE;136;22
398;Jacob Duran;1988-02-25;A85793465;LAM;74;48
399;Linda Warren;1975-03-13;L01109034;ADC;57;50
400;Eric Phelps;1994-10-01;B96464671;ETA;125;35
401;Matthew Walsh;1993-09-20;S26547035;EAL;134;46
402;Ronald Monroe;1984-09-12;C02131672;COG;42;41
403;Jason Edwards;1975-02-09;J22810925;XLE;12;15
404;Jacob Duran;1988-02-25;A85793465;LAW;66;48
405;Danny Pratt;1998-10-31;E10934506;XLE;142;36
406;Jacob Duran;1988-02-25;A85793465;LAM;31;48
407;Kimberly Brown;1999-09-02;H50641909;COG;140;22
408;Ronald Monroe;1984-09-12;C02131672;COG;42;2
409;Kimberly Brown;1999-09-02;H50641909;KAI;133;51
410;Jessica Harvey;1996-04-08;L89163667;UCA;148;37
411;Danny Pratt;1998-10-31;E10934506;KAI;137;47
412;Danny Pratt;1998-10-31;E10934506;UCA;142;36
413;Joe Cabrera;1994-08-13;O98651462;LAW;113;25
414;Joe Cabrera;1994-08-13;O98651462;KEA;3;25
415;Kimberly Brown;1999-09-02;H50641909;XLE;43;51
416;Joe Cabrera;1994-08-13;O98651462;COG;96;25
417;Kimberly Brown;1999-09-02;H50641909;ADC;54;51
418;Jacob Duran;1988-02-25;A85793465;KAI;31;17
419;Linda Warren;1975-03-13;L01109034;NCY;85;50
420;Jacob Duran;1988-02-25;A85793465;BTA;108;17
421;Latasha Nelson;1986-05-09;V51246373;NCY;26;49
422;Danny Pratt;1998-10-31;E10934506;EAL;137;36
423;Jason Edwards;1975-02-09;J22810925;LAT;109;15
424;Ronald Monroe;1984-09-12;C02131672;AZI;42;41
425;Danny Pratt;1998-10-31;E10934506;EAL;128;47
426;Jacob Duran;1988-02-25;A85793465;NCY;66;17
427;Eric Phelps;1994-10-01;B96464671;ETA;58;35
428;Danny Pratt;1998-10-31;E10934506;EAL;95;47
429;Kimberly Brown;1999-09-02;H50641909;XLE;43;22
430;Jacob Duran;1988-02-25;A85793465;KEA;13;48
431;Matthew Walsh;1993-09-20;S26547035;LAM;70;12
432;Jason Edwards;1975-02-09;J22810925;MPH;56;15
433;Ronald Monroe;1984-09-12;C02131672;AZI;6;41
434;Mr. James Baxter;1982-05-03;H06267236;LAT;11;44
435;Jacob Duran;1988-02-25;A85793465;KEA;98;48
436;Latasha Nelson;1986-05-09;V51246373;LAW;62;49
437;Danny Pratt;1998-10-31;E10934506;KAI;29;36
438;Eric Phelps;1994-10-01;B96464671;XLE;125;35
439;Eric Phelps;1994-10-01;B96464671;IBE;104;35
440;Jacob Duran;1988-02-25;A85793465;AZI;13;17
441;Jason Edwards;1975-02-09;J22810925;LRC;12;45
442;Jacob Duran;1988-02-25;A85793465;QAF;51;17
443;Joe Cabrera;1994-08-13;O98651462;LAW;15;25
444;Jacob Duran;1988-02-25;A85793465;QAF;31;17
445;Kimberly Brown;1999-09-02;H50641909;KAI;133;22
446;Jacob Duran;1988-02-25;A85793465;LAW;65;17
447;Jacob Duran;1988-02-25;A85793465;UAN;66;48
448;Jacob Duran;1988-02-25;A85793465;UAN;65;17
449;Gabriel Palmer;1981-08-18;O88716397;UAN;121;31
450;Joe Cabrera;1994-08-13;O98651462;LAW;129;25
451;Kimberly Brown;1999-09-02;H50641909;ADC;133;51
452;Jason Edwards;1975-02-09;J22810925;LUD;45;45
453;Jacob Duran;1988-02-25;A85793465;EAL;65;17
454;Danny Pratt;1998-10-31;E10934506;ADC;80;47
455;Jacob Duran;1988-02-25;A85793465;KAI;98;17
456;Latasha Nelson;1986-05-09;V51246373;MPH;52;49
457;John Ross;1979-03-16;F40422038;UAN;27;29
458;Kimberly Brown;1999-09-02;H50641909;COG;140;51
459;Linda Warren;1975-03-13;L01109034;XLE;71;50
460;Jacob Duran;1988-02-25;A85793465;KAI;108;48
461;Danny Pratt;1998-10-31;E10934506;XLE;33;36
462;Jason Edwards;1975-02-09;J22810925;XLE;45;45
463;Kimberly Brown;1999-09-02;H50641909;IBE;115;51
464;Ronald Monroe;1984-09-12;C02131672;AZI;42;2
465;Jason Edwards;1975-02-09;J22810925;IBE;12;45
466;Matthew Walsh;1993-09-20;S26547035;LAM;24;46
467;Kimberly Brown;1999-09-02;H50641909;XLE;135;51
468;Danny Pratt;1998-10-31;E10934506;ADC;80;36
469;Danny Pratt;1998-10-31;E10934506;XLE;33;47
470;Jason Edwards;1975-02-09;J22810925;MPH;119;15
471;Jacob Duran;1988-02-25;A85793465;AZI;39;48
472;Jason Edwards;1975-02-09;J22810925;LAM;131;45
473;Jason Edwards;1975-02-09;J22810925;UCA;120;15
474;Kimberly Brown;1999-09-02;H50641909;ADC;54;22
475;Jacob Duran;1988-02-25;A85793465;COG;2;17
476;Danny Pratt;1998-10-31;E10934506;KAI;144;36
477;Jacob Duran;1988-02-25;A85793465;AZI;111;48
478;Danny Pratt;1998-10-31;E10934506;EAL;128;36
479;Curtis Gutierrez;1974-03-14;Q46419538;KAI;1;7
480;Jason Edwards;1975-02-09;J22810925;MPH;56;45
481;Joe Cabrera;1994-08-13;O98651462;COG;129;25
482;Matthew Walsh;1993-09-20;S26547035;LAT;70;12
483;Jason Edwards;1975-02-09;J22810925;LRC;67;45
484;Danny Pratt;1998-10-31;E10934506;UCA;55;36
485;Kimberly Brown;1999-09-02;H50641909;IBE;135;51
486;Danny Pratt;1998-10-31;E10934506;XLE;139;47
487;Jacob Duran;1988-02-25;A85793465;KAI;51;48
488;Jason Edwards;1975-02-09;J22810925;LAM;0;45
489;Danny Pratt;1998-10-31;E10934506;BTA;37;47
490;Matthew Walsh;1993-09-20;S26547035;IBE;70;12
491;Jacob Duran;1988-02-25;A85793465;UAN;53;48
492;Jacob Duran;1988-02-25;A85793465;QAF;111;48
493;Danny Pratt;1998-10-31;E10934506;BTA;37;36
494;Jason Edwards;1975-02-09;J22810925;LAT;45;45
495;Laura Ward;1981-01-23;I74549867;MPH;114;28
496;Matthew Walsh;1993-09-20;S26547035;IBE;130;46
497;Danny Pratt;1998-10-31;E10934506;UCA;95;47
498;Kimberly Brown;1999-09-02;H50641909;XLE;38;22
499;Kimberly Brown;1999-09-02;H50641909;IBE;61;51
500;Laura Ward;1981-01-23;I74549867;EAL;36;28
501;Jacob Duran;1988-02-25;A85793465;UAN;2;17
502;Matthew Walsh;1993-09-20;S26547035;LAM;46;46
503;Curtis Gutierrez;1974-03-14;Q46419538;AZI;103;7
504;Danny Pratt;1998-10-31;E10934506;BTA;55;47
505;Danny Pratt;1998-10-31;E10934506;EAL;33;47
506;Jason Edwards;1975-02-09;J22810925;UCA;110;45
507;Jacob Duran;1988-02-25;A85793465;QAF;108;17
508;Matthew Walsh;1993-09-20;S26547035;LAM;130;12
509;Jacob Duran;1988-02-25;A85793465;KEA;111;17
510;Jason Edwards;1975-02-09;J22810925;ADC;0;15
511;Jason Edwards;1975-02-09;J22810925;UCA;131;45
512;Jason Edwards;1975-02-09;J22810925;LAM;120;15
513;Kimberly Brown;1999-09-02;H50641909;IBE;28;22
514;Danny Pratt;1998-10-31;E10934506;UCA;139;36
515;Gene Obrien;1999-07-02;Q49180524;KAI;132;0
516;Joe Cabrera;1994-08-13;O98651462;BTA;35;25
517;Eric Phelps;1994-10-01;B96464671;ETA;147;35
518;Jacob Duran;1988-02-25;A85793465;COG;66;48
519;Ronald Monroe;1984-09-12;C02131672;LAM;6;2
520;Ronald Monroe;1984-09-12;C02131672;AZI;47;2
521;Gene Obrien;1999-07-02;Q49180524;AZI;75;0
522;Linda Warren;1975-03-13;L01109034;ADC;23;50
523;Joe Cabrera;1994-08-13;O98651462;BTA;18;25
524;Jason Edwards;1975-02-09;J22810925;LAT;67;15
525;Jacob Duran;1988-02-25;A85793465;NCY;53;48
526;Eric Phelps;1994-10-01;B96464671;IBE;112;35
527;Jacob Duran;1988-02-25;A85793465;EAL;108;17
528;Curtis Gutierrez;1974-03-14;Q46419538;BTA;40;7
529;Jacob Duran;1988-02-25;A85793465;AZI;31;48
530;Jacob Duran;1988-02-25;A85793465;AZI;53;48
531;Jacob Duran;1988-02-25;A85793465;KAI;31;48
532;Kimberly Brown;1999-09-02;H50641909;XLE;28;22
533;Jacob Duran;1988-02-25;A85793465;BTA;51;17
534;Danny Pratt;1998-10-31;E10934506;KAI;145;47
535;Jacob Duran;1988-02-25;A85793465;QAF;98;17
536;Jacob Duran;1988-02-25;A85793465;UAN;74;17
537;John Ross;1979-03-16;F40422038;UAN;5;29
538;Jason Edwards;1975-02-09;J22810925;LUD;12;15
539;Matthew Walsh;1993-09-20;S26547035;EAL;70;46
540;Laura Ward;1981-01-23;I74549867;ETA;36;28
541;Gene Obrien;1999-07-02;Q49180524;KAI;83;0
542;Gabriel Palmer;1981-08-18;O88716397;UAN;90;40
543;Ronald Monroe;1984-09-12;C02131672;UAN;34;41
544;Jacob Duran;1988-02-25;A85793465;NCY;111;17
545;Danny Pratt;1998-10-31;E10934506;BTA;95;36
546;Curtis Gutierrez;1974-03-14;Q46419538;NCY;103;7
547;Jason Edwards;1975-02-09;J22810925;LRC;119;15
548;Jacob Duran;1988-02-25;A85793465;LAM;48;48
549;Kimberly Brown;1999-09-02;H50641909;ADC;38;51
550;Jacob Duran;1988-02-25;A85793465;EAL;74;48
551;Jeffrey Roberts;1971-12-02;G16561693;LUD;102;19
552;Danny Pratt;1998-10-31;E10934506;UCA;72;36
553;Kimberly Brown;1999-09-02;H50641909;ADC;61;22
554;Matthew Walsh;1993-09-20;S26547035;EAL;44;46
555;Danny Pratt;1998-10-31;E10934506;XLE;29;47
556;Kimberly Brown;1999-09-02;H50641909;IBE;54;51
557;Jason Edwards;1975-02-09;J22810925;IBE;56;45
558;Kimberly Brown;1999-09-02;H50641909;XLE;140;22
559;Jacob Duran;1988-02-25;A85793465;BTA;48;48
560;Danny Pratt;1998-10-31;E10934506;EAL;142;36
561;John Ross;1979-03-16;F40422038;QAF;106;29
562;Gene Obrien;1999-07-02;Q49180524;LAT;101;0
563;Ronald Monroe;1984-09-12;C02131672;COG;6;2
564;Jacob Duran;1988-02-25;A85793465;KEA;65;48
565;Jacob Duran;1988-02-25;A85793465;NCY;13;48
566;Kimberly Brown;1999-09-02;H50641909;ADC;135;51
567;Gabriel Palmer;1981-08-18;O88716397;EAL;90;31
568;Danny Pratt;1998-10-31;E10934506;EAL;55;47
569;Joe Cabrera;1994-08-13;O98651462;LAT;35;25
570;Danny Pratt;1998-10-31;E10934506;XLE;55;36
571;Laura Ward;1981-01-23;I74549867;EAL;41;28
572;Danny Pratt;1998-10-31;E10934506;XLE;80;47
573;Eric Phelps;1994-10-01;B96464671;KEA;143;35
574;Danny Pratt;1998-10-31;E10934506;UCA;145;47
575;Jacob Duran;1988-02-25;A85793465;UAN;98;17
576;Danny Pratt;1998-10-31;E10934506;XLE;95;36
577;Kimberly Brown;1999-09-02;H50641909;COG;133;51
578;Linda Warren;1975-03-13;L01109034;XLE;23;50
579;Jason Edwards;1975-02-09;J22810925;LAT;119;45
580;Jacob Duran;1988-02-25;A85793465;EAL;98;48
581;Danny Pratt;1998-10-31;E10934506;ADC;145;36
582;Matthew Walsh;1993-09-20;S26547035;LAT;130;46
583;Jacob Duran;1988-02-25;A85793465;NCY;108;17
584;Joe Cabrera;1994-08-13;O98651462;BTA;96;25
585;Jacob Duran;1988-02-25;A85793465;BTA;39;17
586;Ronald Monroe;1984-09-12;C02131672;LUD;34;41
587;Latasha Nelson;1986-05-09;V51246373;NCY;116;49
588;Jacob Duran;1988-02-25;A85793465;KAI;111;48
589;Jacob Duran;1988-02-25;A85793465;COG;51;48
590;Matthew Walsh;1993-09-20;S26547035;LAT;24;46
591;Matthew Walsh;1993-09-20;S26547035;LAM;46;12
592;Jason Edwards;1975-02-09;J22810925;ETA;131;15
593;Jason Edwards;1975-02-09;J22810925;UCA;120;45
594;Jacob Duran;1988-02-25;A85793465;BTA;111;48
595;Joe Cabrera;1994-08-13;O98651462;COG;35;25
596;Gabriel Palmer;1981-08-18;O88716397;EAL;123;40
597;Joe Cabrera;1994-08-13;O98651462;QAF;3;25
598;Jason Edwards;1975-02-09;J22810925;XLE;120;15
599;Jacob Duran;1988-02-25;A85793465;KEA;65;17
600;Ronald Monroe;1984-09-12;C02131672;UAN;73;41
601;Jacob Duran;1988-02-25;A85793465;QAF;39;17
602;Joe Cabrera;1994-08-13;O98651462;QAF;113;25
603;Jason Edwards;1975-02-09;J22810925;XLE;110;45
604;Jacob Duran;1988-02-25;A85793465;AZI;17;17
605;Jacob Duran;1988-02-25;A85793465;LAM;53;48
606;Gabriel Palmer;1981-08-18;O88716397;EAL;64;31
607;Danny Pratt;1998-10-31;E10934506;XLE;37;36
608;Ronald Monroe;1984-09-12;C02131672;COG;6;41
609;Gabriel Palmer;1981-08-18;O88716397;LUD;77;31
610;Jacob Duran;1988-02-25;A85793465;AZI;53;17
611;Danny Pratt;1998-10-31;E10934506;XLE;55;47
612;Jason Edwards;1975-02-09;J22810925;LAM;110;15
613;Jacob Duran;1988-02-25;A85793465;NCY;39;17
614;Jacob Duran;1988-02-25;A85793465;COG;39;48
615;Ronald Monroe;1984-09-12;C02131672;UAN;73;2
616;Jacob Duran;1988-02-25;A85793465;UAN;2;48
617;Jacob Duran;1988-02-25;A85793465;AZI;66;17
618;Joe Cabrera;1994-08-13;O98651462;LAW;16;25
619;Kimberly Brown;1999-09-02;H50641909;ADC;133;22
620;Jacob Duran;1988-02-25;A85793465;QAF;17;48
621;Kimberly Brown;1999-09-02;H50641909;COG;38;22
622;Linda Warren;1975-03-13;L01109034;ETA;57;50
623;Latasha Nelson;1986-05-09;V51246373;NCY;62;49
624;Jacob Duran;1988-02-25;A85793465;KAI;2;17
625;Danny Pratt;1998-10-31;E10934506;UCA;29;36
626;Jacob Duran;1988-02-25;A85793465;KAI;65;48
627;Danny Pratt;1998-10-31;E10934506;BTA;139;47
628;Danny Pratt;1998-10-31;E10934506;KAI;55;36
629;Jason Edwards;1975-02-09;J22810925;MPH;67;45
630;Jason Edwards;1975-02-09;J22810925;MPH;109;15
631;Jason Edwards;1975-02-09;J22810925;LAM;56;45
632;Jason Edwards;1975-02-09;J22810925;LUD;67;15
633;Danny Pratt;1998-10-31;E10934506;XLE;72;47
634;Gene Obrien;1999-07-02;Q49180524;KEA;138;0
635;Jason Edwards;1975-02-09;J22810925;ETA;109;45
636;Jacob Duran;1988-02-25;A85793465;KEA;51;17
637;Danny Pratt;1998-10-31;E10934506;BTA;29;36
638;Jeffrey Roberts;1971-12-02;G16561693;LUD;20;19
639;Matthew Walsh;1993-09-20;S26547035;LRC;46;46
640;Jacob Duran;1988-02-25;A85793465;COG;111;17
641;Matthew Walsh;1993-09-20;S26547035;LAT;46;12
642;Joe Cabrera;1994-08-13;O98651462;LAT;7;25
643;Jason Edwards;1975-02-09;J22810925;UCA;109;15
644;Danny Pratt;1998-10-31;E10934506;XLE;72;36
645;Jason Edwards;1975-02-09;J22810925;MPH;0;45
646;Ronald Monroe;1984-09-12;C02131672;QAF;6;41
647;Danny Pratt;1998-10-31;E10934506;ADC;128;47
648;Matthew Walsh;1993-09-20;S26547035;LAT;44;46
649;Jason Edwards;1975-02-09;J22810925;LUD;120;45
650;Jason Edwards;1975-02-09;J22810925;IBE;120;45
651;Jason Edwards;1975-02-09;J22810925;UCA;119;15
652;Eric Phelps;1994-10-01;B96464671;UCA;125;35
653;Alex Deleon;1979-10-03;A35692355;MPH;69;11
654;Jacob Duran;1988-02-25;A85793465;KAI;13;48
655;Latasha Nelson;1986-05-09;V51246373;MPH;92;49
656;Jason Edwards;1975-02-09;J22810925;LAT;110;45
657;Jacob Duran;1988-02-25;A85793465;UAN;98;48
658;Jessica Harvey;1996-04-08;L89163667;LRC;148;37
659;Kimberly Brown;1999-09-02;H50641909;COG;61;22
660;Kimberly Brown;1999-09-02;H50641909;IBE;43;51
661;Jason Edwards;1975-02-09;J22810925;LAT;12;45
662;Matthew Walsh;1993-09-20;S26547035;IBE;70;46
663;Jessica Harvey;1996-04-08;L89163667;LRC;146;37
664;Latasha Nelson;1986-05-09;V51246373;MPH;14;49
665;Matthew Walsh;1993-09-20;S26547035;LRC;134;12
666;Danny Pratt;1998-10-31;E10934506;XLE;128;47
667;Danny Pratt;1998-10-31;E10934506;ADC;142;47
668;Danny Pratt;1998-10-31;E10934506;XLE;144;36
669;Kimberly Brown;1999-09-02;H50641909;COG;54;51
670;Jacob Duran;1988-02-25;A85793465;AZI;65;17
671;Jacob Duran;1988-02-25;A85793465;BTA;17;17
672;Linda Warren;1975-03-13;L01109034;NCY;127;50
673;Jacob Duran;1988-02-25;A85793465;LAW;53;17
674;Gabriel Palmer;1981-08-18;O88716397;UAN;117;31
675;Curtis Gutierrez;1974-03-14;Q46419538;KAI;40;7
676;Joe Cabrera;1994-08-13;O98651462;LAT;32;25
677;Curtis Gutierrez;1974-03-14;Q46419538;KAI;87;7
678;Kimberly Brown;1999-09-02;H50641909;IBE;28;51
679;Danny Pratt;1998-10-31;E10934506;KAI;91;47
680;Jason Edwards;1975-02-09;J22810925;ADC;120;15
681;Kimberly Brown;1999-09-02;H50641909;IBE;135;22
682;Jason Edwards;1975-02-09;J22810925;IBE;0;45
683;Jacob Duran;1988-02-25;A85793465;UAN;13;48
684;Joe Cabrera;1994-08-13;O98651462;LAW;63;25
685;Jason Edwards;1975-02-09;J22810925;IBE;131;15
686;Linda Warren;1975-03-13;L01109034;NCY;10;50
687;Jason Edwards;1975-02-09;J22810925;LRC;110;45
688;Jacob Duran;1988-02-25;A85793465;BTA;98;48
689;Danny Pratt;1998-10-31;E10934506;ADC;55;36
690;Jacob Duran;1988-02-25;A85793465;QAF;2;48
691;Latasha Nelson;1986-05-09;V51246373;LRC;92;49
692;Danny Pratt;1998-10-31;E10934506;ADC;72;47
693;Danny Pratt;1998-10-31;E10934506;XLE;142;47
694;Ronald Monroe;1984-09-12;C02131672;UAN;34;2
695;Jacob Duran;1988-02-25;A85793465;QAF;53;48
696;Joe Cabrera;1994-08-13;O98651462;LAT;96;25
697;Jason Edwards;1975-02-09;J22810925;LAT;0;45
698;Kimberly Brown;1999-09-02;H50641909;COG;28;51
699;Ronald Monroe;1984-09-12;C02131672;UAN;6;2
700;Latasha Nelson;1986-05-09;V51246373;LRC;52;49
701;Jacob Duran;1988-02-25;A85793465;AZI;17;48
702;Jessica Harvey;1996-04-08;L89163667;NCY;59;37
703;Gabriel Palmer;1981-08-18;O88716397;EAL;117;40
704;Jason Edwards;1975-02-09;J22810925;LUD;67;45
705;Jason Edwards;1975-02-09;J22810925;LUD;0;15
706;Gabriel Palmer;1981-08-18;O88716397;EAL;77;40
707;Jason Edwards;1975-02-09;J22810925;ETA;0;15
708;Eric Phelps;1994-10-01;B96464671;UCA;58;35
709;Laura Ward;1981-01-23;I74549867;EAL;79;28
710;Matthew Walsh;1993-09-20;S26547035;EAL;46;12
711;Jacob Duran;1988-02-25;A85793465;QAF;48;48
712;Jacob Duran;1988-02-25;A85793465;BTA;2;17
713;Latasha Nelson;1986-05-09;V51246373;MPH;62;49
714;Jason Edwards;1975-02-09;J22810925;LAT;0;15
715;Latasha Nelson;1986-05-09;V51246373;NCY;97;49
716;Eric Phelps;1994-10-01;B96464671;XLE;112;35
717;Matthew Walsh;1993-09-20;S26547035;LRC;134;46
718;Ronald Monroe;1984-09-12;C02131672;LAM;34;2
719;Jeffrey Roberts;1971-12-02;G16561693;LUD;25;19
720;Danny Pratt;1998-10-31;E10934506;KAI;81;36
721;Jeffrey Roberts;1971-12-02;G16561693;IBE;93;19
722;Jason Edwards;1975-02-09;J22810925;ADC;12;15
723;Linda Warren;1975-03-13;L01109034;ADC;71;50
724;Jacob Duran;1988-02-25;A85793465;NCY;13;17
725;Kimberly Brown;1999-09-02;H50641909;XLE;133;22
726;Matthew Walsh;1993-09-20;S26547035;IBE;134;12
727;Danny Pratt;1998-10-31;E10934506;BTA;145;47
728;Danny Pratt;1998-10-31;E10934506;ADC;142;36
729;Jacob Duran;1988-02-25;A85793465;KEA;53;48
730;Jacob Duran;1988-02-25;A85793465;NCY;31;48
731;Jessica Harvey;1996-04-08;L89163667;LRC;86;37
732;Joe Cabrera;1994-08-13;O98651462;BTA;32;25
733;Kimberly Brown;1999-09-02;H50641909;COG;136;22
734;Jacob Duran;1988-02-25;A85793465;BTA;53;17
735;Danny Pratt;1998-10-31;E10934506;UCA;81;36
736;Curtis Gutierrez;1974-03-14;Q46419538;BTA;1;7
737;Joe Cabrera;1994-08-13;O98651462;QAF;82;25
738;Jacob Duran;1988-02-25;A85793465;COG;108;48
739;Ronald Monroe;1984-09-12;C02131672;AZI;34;2
740;Gabriel Palmer;1981-08-18;O88716397;UAN;90;31
741;Latasha Nelson;1986-05-09;V51246373;LAW;52;49
742;Matthew Walsh;1993-09-20;S26547035;LAM;24;12
743;Danny Pratt;1998-10-31;E10934506;KAI;145;36
744;Linda Warren;1975-03-13;L01109034;LAW;57;50
745;Jason Edwards;1975-02-09;J22810925;ETA;67;15
746;Kimberly Brown;1999-09-02;H50641909;ADC;28;22
747;Latasha Nelson;1986-05-09;V51246373;NCY;14;49
748;Jacob Duran;1988-02-25;A85793465;LAW;31;17
749;Jacob Duran;1988-02-25;A85793465;QAF;65;17
750;Jacob Duran;1988-02-25;A85793465;KEA;17;48
751;Matthew Walsh;1993-09-20;S26547035;EAL;46;46
752;Laura Ward;1981-01-23;I74549867;COG;118;28
753;Jason Edwards;1975-02-09;J22810925;LAM;56;15
754;Linda Warren;1975-03-13;L01109034;NCY;23;50
755;Kimberly Brown;1999-09-02;H50641909;COG;38;51
756;Jason Edwards;1975-02-09;J22810925;IBE;67;45
757;Gabriel Palmer;1981-08-18;O88716397;UAN;123;31
758;Jacob Duran;1988-02-25;A85793465;KAI;74;17
759;Kimberly Brown;1999-09-02;H50641909;IBE;54;22
760;Jason Edwards;1975-02-09;J22810925;LAM;12;15
761;Danny Pratt;1998-10-31;E10934506;KAI;142;47
762;Jason Edwards;1975-02-09;J22810925;XLE;131;45
763;Ronald Monroe;1984-09-12;C02131672;UAN;6;41
764;Danny Pratt;1998-10-31;E10934506;EAL;142;47
765;Laura Ward;1981-01-23;I74549867;MPH;79;28
766;Matthew Walsh;1993-09-20;S26547035;IBE;44;46
767;Ronald Monroe;1984-09-12;C02131672;AZI;34;41
768;Jason Edwards;1975-02-09;J22810925;XLE;56;45
769;Joe Cabrera;1994-08-13;O98651462;BTA;82;25
770;Kimberly Brown;1999-09-02;H50641909;COG;135;51
771;Kimberly Brown;1999-09-02;H50641909;ADC;140;22
772;Jason Edwards;1975-02-09;J22810925;IBE;110;15
773;Jacob Duran;1988-02-25;A85793465;KAI;66;48
774;Joe Cabrera;1994-08-13;O98651462;LAT;63;25
775;Jason Edwards;1975-02-09;J22810925;LAM;109;45
776;Danny Pratt;1998-10-31;E10934506;EAL;145;47
777;Jacob Duran;1988-02-25;A85793465;LAM;65;48
778;Danny Pratt;1998-10-31;E10934506;ADC;33;47
779;Joe Cabrera;1994-08-13;O98651462;QAF;94;25
780;Ronald Monroe;1984-09-12;C02131672;LAM;47;41
781;Linda Warren;1975-03-13;L01109034;XLE;85;50
782;Kimberly Brown;1999-09-02;H50641909;COG;135;22
783;Jason Edwards;1975-02-09;J22810925;ETA;0;45
784;Jacob Duran;1988-02-25;A85793465;KEA;2;48
785;Danny Pratt;1998-10-31;E10934506;EAL;37;47
786;Joe Cabrera;1994-08-13;O98651462;LAT;113;25
787;Joe Cabrera;1994-08-13;O98651462;LAT;4;25
788;Gene Obrien;1999-07-02;Q49180524;AZI;132;0
789;Joe Cabrera;1994-08-13;O98651462;KEA;113;25
790;Jacob Duran;1988-02-25;A85793465;COG;48;48
791;Matthew Walsh;1993-09-20;S26547035;LRC;130;12
792;Danny Pratt;1998-10-31;E10934506;BTA;29;47
793;Ronald Monroe;1984-09-12;C02131672;LAM;47;2
794;Kimberly Brown;1999-09-02;H50641909;XLE;61;22
795;Jason Edwards;1975-02-09;J22810925;UCA;12;15
796;Jacob Duran;1988-02-25;A85793465;COG;53;17
797;Jeffrey Roberts;1971-12-02;G16561693;LUD;50;19
798;Eric Phelps;1994-10-01;B96464671;XLE;58;35
799;Jacob Duran;1988-02-25;A85793465;NCY;98;17
800;Jacob Duran;1988-02-25;A85793465;COG;2;48
801;Jacob Duran;1988-02-25;A85793465;KEA;39;48
802;Jacob Duran;1988-02-25;A85793465;LAW;108;48
803;Jacob Duran;1988-02-25;A85793465;LAM;66;17
804;Joe Cabrera;1994-08-13;O98651462;LAT;15;25
805;Curtis Gutierrez;1974-03-14;Q46419538;AZI;8;7
806;Jason Edwards;1975-02-09;J22810925;UCA;0;45
807;Curtis Gutierrez;1974-03-14;Q46419538;KAI;68;7
808;Jacob Duran;1988-02-25;A85793465;UAN;17;17
809;Danny Pratt;1998-10-31;E10934506;XLE;37;47
810;Curtis Gutierrez;1974-03-14;Q46419538;KAI;19;7
811;Danny Pratt;1998-10-31;E10934506;XLE;80;36
812;Ronald Monroe;1984-09-12;C02131672;LAM;42;41
813;Danny Pratt;1998-10-31;E10934506;KAI;128;36
814;Gene Obrien;1999-07-02;Q49180524;KEA;100;0
815;Danny Pratt;1998-10-31;E10934506;UCA;144;36
816;Jacob Duran;1988-02-25;A85793465;EAL;108;48
817;Latasha Nelson;1986-05-09;V51246373;LAW;22;49
818;Danny Pratt;1998-10-31;E10934506;UCA;33;47
819;Jacob Duran;1988-02-25;A85793465;EAL;111;48
820;Danny Pratt;1998-10-31;E10934506;ADC;91;36
821;Linda Warren;1975-03-13;L01109034;ADC;85;50
822;Jacob Duran;1988-02-25;A85793465;LAW;31;48
823;Gabriel Palmer;1981-08-18;O88716397;UAN;121;40
824;Jacob Duran;1988-02-25;A85793465;UAN;53;17
825;Kimberly Brown;1999-09-02;H50641909;KAI;61;51
826;Jacob Duran;1988-02-25;A85793465;QAF;53;17
827;Gabriel Palmer;1981-08-18;O88716397;LUD;90;31
828;Danny Pratt;1998-10-31;E10934506;EAL;72;36
829;Matthew Walsh;1993-09-20;S26547035;LAM;130;46
830;Danny Pratt;1998-10-31;E10934506;EAL;91;36
831;Linda Warren;1975-03-13;L01109034;LAW;105;50
832;Joe Cabrera;1994-08-13;O98651462;QAF;4;25
833;Gabriel Palmer;1981-08-18;O88716397;LUD;123;40
834;Alex Deleon;1979-10-03;A35692355;LAM;78;11
835;Jeffrey Roberts;1971-12-02;G16561693;IBE;20;19
836;Jason Edwards;1975-02-09;J22810925;XLE;131;15
837;Kimberly Brown;1999-09-02;H50641909;ADC;115;51
838;Jessica Harvey;1996-04-08;L89163667;IBE;148;37
839;Eric Phelps;1994-10-01;B96464671;KEA;125;35
840;Eric Phelps;1994-10-01;B96464671;UCA;21;35
841;Latasha Nelson;1986-05-09;V51246373;LAW;92;49
842;Jacob Duran;1988-02-25;A85793465;EAL;17;17
843;Matthew Walsh;1993-09-20;S26547035;IBE;46;12
844;Kimberly Brown;1999-09-02;H50641909;ADC;140;51
845;John Ross;1979-03-16;F40422038;BTA;27;29
846;Joe Cabrera;1994-08-13;O98651462;KEA;16;25
847;Jacob Duran;1988-02-25;A85793465;LAW;13;17
848;Jacob Duran;1988-02-25;A85793465;NCY;17;48
849;Eric Phelps;1994-10-01;B96464671;ETA;112;35
850;Ronald Monroe;1984-09-12;C02131672;COG;73;41
851;Latasha Nelson;1986-05-09;V51246373;LAW;97;49
852;Jason Edwards;1975-02-09;J22810925;MPH;45;15
853;Jason Edwards;1975-02-09;J22810925;LUD;131;15
854;Eric Phelps;1994-10-01;B96464671;IBE;84;35
855;Jacob Duran;1988-02-25;A85793465;EAL;53;17
856;Matthew Walsh;1993-09-20;S26547035;LAM;44;46
857;Danny Pratt;1998-10-31;E10934506;XLE;29;36
858;Latasha Nelson;1986-05-09;V51246373;LAW;122;49
859;Jacob Duran;1988-02-25;A85793465;KEA;31;17
860;Jacob Duran;1988-02-25;A85793465;KEA;2;17
861;Jason Edwards;1975-02-09;J22810925;ADC;45;45
862;Danny Pratt;1998-10-31;E10934506;XLE;137;36
863;Curtis Gutierrez;1974-03-14;Q46419538;AZI;141;7
864;Jacob Duran;1988-02-25;A85793465;KAI;53;48
865;Joe Cabrera;1994-08-13;O98651462;COG;32;25
866;Eric Phelps;1994-10-01;B96464671;UCA;84;35
867;Jason Edwards;1975-02-09;J22810925;IBE;131;45
868;Linda Warren;1975-03-13;L01109034;XLE;105;50
869;Danny Pratt;1998-10-31;E10934506;BTA;137;47
870;Jacob Duran;1988-02-25;A85793465;LAM;66;48
871;Danny Pratt;1998-10-31;E10934506;XLE;128;36
872;Jessica Harvey;1996-04-08;L89163667;IBE;146;37
873;Linda Warren;1975-03-13;L01109034;XLE;127;50
874;Linda Warren;1975-03-13;L01109034;NCY;105;50
875;Jacob Duran;1988-02-25;A85793465;BTA;74;17
876;Jeffrey Roberts;1971-12-02;G16561693;KEA;93;19
877;Danny Pratt;1998-10-31;E10934506;KAI;33;47
878;Jacob Duran;1988-02-25;A85793465;KEA;51;48
879;Kimberly Brown;1999-09-02;H50641909;COG;136;51
880;Jacob Duran;1988-02-25;A85793465;AZI;108;48
881;Jacob Duran;1988-02-25;A85793465;KEA;111;48
882;Danny Pratt;1998-10-31;E10934506;EAL;55;36
883;Jason Edwards;1975-02-09;J22810925;LAT;131;45
884;Jacob Duran;1988-02-25;A85793465;LAM;65;17
885;Jacob Duran;1988-02-25;A85793465;NCY;111;48
886;Matthew Walsh;1993-09-20;S26547035;LAT;130;12
887;Eric Phelps;1994-10-01;B96464671;UCA;143;35
888;Jason Edwards;1975-02-09;J22810925;IBE;45;15
889;Jacob Duran;1988-02-25;A85793465;LAM;39;48
890;Jacob Duran;1988-02-25;A85793465;COG;98;17
891;Danny Pratt;1998-10-31;E10934506;EAL;72;47
892;Jason Edwards;1975-02-09;J22810925;LAT;109;45
893;Gene Obrien;1999-07-02;Q49180524;AZI;49;0
894;Latasha Nelson;1986-05-09;V51246373;LRC;122;49
895;Jacob Duran;1988-02-25;A85793465;EAL;48;17
896;Kimberly Brown;1999-09-02;H50641909;KAI;28;51
897;Jason Edwards;1975-02-09;J22810925;UCA;110;15
898;Ronald Monroe;1984-09-12;C02131672;AZI;89;41
899;Latasha Nelson;1986-05-09;V51246373;LRC;14;49
900;Curtis Gutierrez;1974-03-14;Q46419538;NCY;8;7
901;Alex Deleon;1979-10-03;A35692355;MPH;76;11
902;Curtis Gutierrez;1974-03-14;Q46419538;ADC;87;7
903;Alex Deleon;1979-10-03;A35692355;LAM;69;11
904;Gabriel Palmer;1981-08-18;O88716397;UAN;77;31
905;Jason Edwards;1975-02-09;J22810925;IBE;67;15
906;Jeffrey Roberts;1971-12-02;G16561693;KEA;30;19
907;Jacob Duran;1988-02-25;A85793465;COG;74;48
908;Danny Pratt;1998-10-31;E10934506;BTA;80;47
909;Kimberly Brown;1999-09-02;H50641909;KAI;43;22
910;Ronald Monroe;1984-09-12;C02131672;LAM;6;41
911;Jacob Duran;1988-02-25;A85793465;QAF;65;48
912;Jessica Harvey;1996-04-08;L89163667;AZI;60;37
913;Curtis Gutierrez;1974-03-14;Q46419538;ADC;40;7
914;Jacob Duran;1988-02-25;A85793465;AZI;39;17
915;Ronald Monroe;1984-09-12;C02131672;AZI;89;2
916;Danny Pratt;1998-10-31;E10934506;ADC;55;47
917;Jason Edwards;1975-02-09;J22810925;LAT;110;15
918;Danny Pratt;1998-10-31;E10934506;BTA;55;36
919;Danny Pratt;1998-10-31;E10934506;KAI;91;36
920;Jason Edwards;1975-02-09;J22810925;ETA;45;45
921;Gabriel Palmer;1981-08-18;O88716397;EAL;77;31
922;Jacob Duran;1988-02-25;A85793465;UAN;51;48
923;Jason Edwards;1975-02-09;J22810925;LAT;12;15
924;Matthew Walsh;1993-09-20;S26547035;LAM;134;46
925;Danny Pratt;1998-10-31;E10934506;EAL;81;47
926;Jacob Duran;1988-02-25;A85793465;BTA;2;48
927;Matthew Walsh;1993-09-20;S26547035;EAL;130;46
928;Joe Cabrera;1994-08-13;O98651462;BTA;94;25
929;Eric Phelps;1994-10-01;B96464671;KEA;104;35
930;Danny Pratt;1998-10-31;E10934506;ADC;139;47
931;Joe Cabrera;1994-08-13;O98651462;QAF;16;25
932;Kimberly Brown;1999-09-02;H50641909;KAI;135;51
933;Linda Warren;1975-03-13;L01109034;ADC;9;50
934;Danny Pratt;1998-10-31;E10934506;KAI;37;47
935;Jacob Duran;1988-02-25;A85793465;AZI;74;48
936;Eric Phelps;1994-10-01;B96464671;KEA;84;35
937;Jessica Harvey;1996-04-08;L89163667;UCA;59;37
938;Matthew Walsh;1993-09-20;S26547035;LAM;134;12
939;Jeffrey Roberts;1971-12-02;G16561693;ETA;124;19
940;Ronald Monroe;1984-09-12;C02131672;COG;47;41
941;Jacob Duran;1988-02-25;A85793465;BTA;65;17
942;Gene Obrien;1999-07-02;Q49180524;AZI;83;0
943;Jacob Duran;1988-02-25;A85793465;LAW;66;17
944;Jason Edwards;1975-02-09;J22810925;ETA;119;15
945;Eric Phelps;1994-10-01;B96464671;IBE;125;35
946;Joe Cabrera;1994-08-13;O98651462;LAT;94;25
947;Laura Ward;1981-01-23;I74549867;EAL;114;28
948;Joe Cabrera;1994-08-13;O98651462;LAW;7;25
949;Gabriel Palmer;1981-08-18;O88716397;UAN;117;40
950;Matthew Walsh;1993-09-20;S26547035;LRC;24;12
951;Gabriel Palmer;1981-08-18;O88716397;EAL;117;31
952;Jacob Duran;1988-02-25;A85793465;KAI;48;17
953;Joe Cabrera;1994-08-13;O98651462;LAT;18;25
954;Jason Edwards;1975-02-09;J22810925;LUD;12;45
955;Danny Pratt;1998-10-31;E10934506;KAI;95;36
956;Jason Edwards;1975-02-09;J22810925;UCA;12;45
957;Jacob Duran;1988-02-25;A85793465;QAF;51;48
958;Jason Edwards;1975-02-09;J22810925;IBE;119;15
959;Ronald Monroe;1984-09-12;C02131672;UAN;42;41
960;Kimberly Brown;1999-09-02;H50641909;KAI;38;51
961;Gene Obrien;1999-07-02;Q49180524;KEA;49;0
962;Gene Obrien;1999-07-02;Q49180524;LAT;83;0
963;Linda Warren;1975-03-13;L01109034;ETA;9;50
964;Laura Ward;1981-01-23;I74549867;LAT;41;28
965;Ronald Monroe;1984-09-12;C02131672;UAN;89;41
966;Matthew Walsh;1993-09-20;S26547035;IBE;46;46
967;Jacob Duran;1988-02-25;A85793465;BTA;17;48
968;Jason Edwards;1975-02-09;J22810925;LAT;45;15
969;Eric Phelps;1994-10-01;B96464671;XLE;143;35
970;Jason Edwards;1975-02-09;J22810925;ETA;45;15
971;Jacob Duran;1988-02-25;A85793465;LAW;17;17
972;Jeffrey Roberts;1971-12-02;G16561693;KEA;20;19
973;Jacob Duran;1988-02-25;A85793465;COG;13;17
974;Kimberly Brown;1999-09-02;H50641909;COG;54;22
975;Danny Pratt;1998-10-31;E10934506;BTA;139;36
976;Kimberly Brown;1999-09-02;H50641909;IBE;38;22
977;Jacob Duran;1988-02-25;A85793465;KEA;48;48
978;Jacob Duran;1988-02-25;A85793465;KAI;53;17
979;Jacob Duran;1988-02-25;A85793465;UAN;39;17
980;Jason Edwards;1975-02-09;J22810925;IBE;110;45
981;Jacob Duran;1988-02-25;A85793465;LAM;17;17
982;Jacob Duran;1988-02-25;A85793465;LAM;31;17
983;Danny Pratt;1998-10-31;E10934506;KAI;80;36
984;Ronald Monroe;1984-09-12;C02131672;LUD;73;2
985;Ronald Monroe;1984-09-12;C02131672;QAF;42;2
986;Jason Edwards;1975-02-09;J22810925;LAT;67;45
987;Danny Pratt;1998-10-31;E10934506;EAL;33;36
988;Jacob Duran;1988-02-25;A85793465;LAW;51;17
989;Joe Cabrera;1994-08-13;O98651462;LAW;94;25
990;Jason Edwards;1975-02-09;J22810925;LUD;120;15
991;Curtis Gutierrez;1974-03-14;Q46419538;NCY;87;7
992;Kimberly Brown;1999-09-02;H50641909;XLE;61;51
993;Laura Ward;1981-01-23;I74549867;MPH;41;28
994;Jacob Duran;1988-02-25;A85793465;LAW;98;48
995;Danny Pratt;1998-10-31;E10934506;BTA;33;47
996;Jacob Duran;1988-02-25;A85793465;LAW;74;17
997;Jason Edwards;1975-02-09;J22810925;LAM;119;15
998;Danny Pratt;1998-10-31;E10934506;UCA;29;47
999;Jessica Harvey;1996-04-08;L89163667;AZI;107;37
1000;Ronald Monroe;1984-09-12;C02131672;COG;47;2
1001;Jessica Harvey;1996-04-08;L89163667;UCA;60;37
1002;Danny Pratt;1998-10-31;E10934506;EAL;37;36
1003;Curtis Gutierrez;1974-03-14;Q46419538;BTA;103;7
1004;Danny Pratt;1998-10-31;E10934506;ADC;29;36
1005;Eric Phelps;1994-10-01;B96464671;ETA;21;35
1006;Jacob Duran;1988-02-25;A85793465;KEA;31;48
1007;Jacob Duran;1988-02-25;A85793465;KAI;17;17
1008;Gabriel Palmer;1981-08-18;O88716397;UAN;77;40
1009;John Ross;1979-03-16;F40422038;UAN;106;29
1010;Jeffrey Roberts;1971-12-02;G16561693;ETA;102;19
1011;Jacob Duran;1988-02-25;A85793465;KEA;98;17
1012;Gene Obrien;1999-07-02;Q49180524;KAI;100;0
1013;Jacob Duran;1988-02-25;A85793465;BTA;39;48
1014;Jacob Duran;1988-02-25;A85793465;QAF;17;17
1015;Joe Cabrera;1994-08-13;O98651462;QAF;7;25
1016;Jacob Duran;1988-02-25;A85793465;EAL;2;48
1017;Joe Cabrera;1994-08-13;O98651462;QAF;35;25
1018;Latasha Nelson;1986-05-09;V51246373;NCY;52;49
1019;Matthew Walsh;1993-09-20;S26547035;EAL;44;12
1020;Kimberly Brown;1999-09-02;H50641909;ADC;135;22
1021;Danny Pratt;1998-10-31;E10934506;UCA;81;47
1022;Jacob Duran;1988-02-25;A85793465;LAM;108;48
1023;Jacob Duran;1988-02-25;A85793465;LAW;2;48
1024;Curtis Gutierrez;1974-03-14;Q46419538;ADC;1;7
1025;Jason Edwards;1975-02-09;J22810925;IBE;109;15
1026;Jason Edwards;1975-02-09;J22810925;MPH;110;45
1027;Laura Ward;1981-01-23;I74549867;LAT;114;28
1028;Jacob Duran;1988-02-25;A85793465;BTA;66;48
1029;Danny Pratt;1998-10-31;E10934506;ADC;95;36
1030;Gene Obrien;1999-07-02;Q49180524;KAI;101;0
1031;Jacob Duran;1988-02-25;A85793465;EAL;17;48
1032;Jacob Duran;1988-02-25;A85793465;UAN;48;17
1033;Kimberly Brown;1999-09-02;H50641909;ADC;43;51
1034;Gene Obrien;1999-07-02;Q49180524;KAI;75;0
1035;Gene Obrien;1999-07-02;Q49180524;LAT;49;0
1036;Jacob Duran;1988-02-25;A85793465;BTA;53;48
1037;Linda Warren;1975-03-13;L01109034;LAW;10;50
1038;Jacob Duran;1988-02-25;A85793465;BTA;98;17
1039;Kimberly Brown;1999-09-02;H50641909;IBE;133;51
1040;Jason Edwards;1975-02-09;J22810925;LRC;0;45
1041;Jacob Duran;1988-02-25;A85793465;KAI;111;17
1042;Linda Warren;1975-03-13;L01109034;ADC;10;50
1043;Jacob Duran;1988-02-25;A85793465;COG;17;48
1044;Danny Pratt;1998-10-31;E10934506;ADC;128;36
1045;Matthew Walsh;1993-09-20;S26547035;LAT;46;46
1046;Laura Ward;1981-01-23;I74549867;ETA;41;28
1047;Jacob Duran;1988-02-25;A85793465;NCY;31;17
1048;Danny Pratt;1998-10-31;E10934506;UCA;142;47
1049;Jacob Duran;1988-02-25;A85793465;EAL;74;17
1050;Jacob Duran;1988-02-25;A85793465;KEA;108;48
1051;Jason Edwards;1975-02-09;J22810925;LUD;109;15
1052;Danny Pratt;1998-10-31;E10934506;BTA;95;47
1053;Gabriel Palmer;1981-08-18;O88716397;UAN;64;40
1054;Matthew Walsh;1993-09-20;S26547035;EAL;24;12
1055;Ronald Monroe;1984-09-12;C02131672;QAF;42;41
1056;Ronald Monroe;1984-09-12;C02131672;AZI;6;2
1057;Ronald Monroe;1984-09-12;C02131672;QAF;73;2
1058;Jacob Duran;1988-02-25;A85793465;LAM;51;48
1059;Jacob Duran;1988-02-25;A85793465;UAN;65;48
1060;Jeffrey Roberts;1971-12-02;G16561693;ETA;20;19
1061;Jason Edwards;1975-02-09;J22810925;IBE;56;15
1062;Jason Edwards;1975-02-09;J22810925;XLE;110;15
1063;Joe Cabrera;1994-08-13;O98651462;KEA;7;25
1064;Jacob Duran;1988-02-25;A85793465;BTA;13;17
1065;Gabriel Palmer;1981-08-18;O88716397;LUD;121;40
1066;Kimberly Brown;1999-09-02;H50641909;ADC;43;22
1067;Ronald Monroe;1984-09-12;C02131672;LUD;42;41
1068;Jacob Duran;1988-02-25;A85793465;UAN;31;17
1069;Jacob Duran;1988-02-25;A85793465;BTA;74;48
1070;Gabriel Palmer;1981-08-18;O88716397;EAL;64;40
1071;Laura Ward;1981-01-23;I74549867;MPH;118;28
1072;Jason Edwards;1975-02-09;J22810925;MPH;120;45
1073;Jacob Duran;1988-02-25;A85793465;AZI;98;17
1074;Latasha Nelson;1986-05-09;V51246373;MPH;22;49
1075;Ronald Monroe;1984-09-12;C02131672;LUD;73;41
1076;Kimberly Brown;1999-09-02;H50641909;KAI;140;51
1077;Ronald Monroe;1984-09-12;C02131672;LUD;6;2
1078;Linda Warren;1975-03-13;L01109034;LAW;23;50
1079;Danny Pratt;1998-10-31;E10934506;BTA;81;47
1080;Jacob Duran;1988-02-25;A85793465;KEA;74;48
1081;Danny Pratt;1998-10-31;E10934506;ADC;72;36
1082;Danny Pratt;1998-10-31;E10934506;UCA;55;47
1083;Jeffrey Roberts;1971-12-02;G16561693;IBE;102;19
1084;Jason Edwards;1975-02-09;J22810925;ETA;131;45
1085;Jason Edwards;1975-02-09;J22810925;UCA;45;45
1086;Laura Ward;1981-01-23;I74549867;COG;36;28
1087;Jacob Duran;1988-02-25;A85793465;UAN;48;48
1088;Jason Edwards;1975-02-09;J22810925;ADC;119;15
1089;Jessica Harvey;1996-04-08;L89163667;AZI;59;37
1090;Danny Pratt;1998-10-31;E10934506;KAI;144;47
1091;Jacob Duran;1988-02-25;A85793465;KEA;17;17
1092;Jacob Duran;1988-02-25;A85793465;NCY;74;48
1093;Kimberly Brown;1999-09-02;H50641909;IBE;61;22
1094;Matthew Walsh;1993-09-20;S26547035;EAL;24;46
1095;Latasha Nelson;1986-05-09;V51246373;LRC;22;49
1096;Jacob Duran;1988-02-25;A85793465;NCY;39;48
1097;Jacob Duran;1988-02-25;A85793465;LAW;111;17
1098;Matthew Walsh;1993-09-20;S26547035;EAL;88;46
1099;Jacob Duran;1988-02-25;A85793465;COG;66;17
1100;Ronald Monroe;1984-09-12;C02131672;QAF;6;2
1101;Joe Cabrera;1994-08-13;O98651462;LAW;82;25
1102;Kimberly Brown;1999-09-02;H50641909;IBE;43;22
1103;Danny Pratt;1998-10-31;E10934506;BTA;142;47
1104;Danny Pratt;1998-10-31;E10934506;EAL;81;36
1105;Jacob Duran;1988-02-25;A85793465;AZI;111;17
1106;Curtis Gutierrez;1974-03-14;Q46419538;ADC;141;7
1107;Ronald Monroe;1984-09-12;C02131672;LAM;34;41
1108;Jason Edwards;1975-02-09;J22810925;LUD;110;15
1109;Joe Cabrera;1994-08-13;O98651462;COG;4;25
1110;Matthew Walsh;1993-09-20;S26547035;LRC;88;12
1111;Kimberly Brown;1999-09-02;H50641909;KAI;115;51
1112;Ronald Monroe;1984-09-12;C02131672;AZI;47;41
1113;Jacob Duran;1988-02-25;A85793465;LAM;98;48
1114;Jason Edwards;1975-02-09;J22810925;LRC;12;15
1115;Danny Pratt;1998-10-31;E10934506;XLE;95;47
1116;Jacob Duran;1988-02-25;A85793465;EAL;31;48
1117;Kimberly Brown;1999-09-02;H50641909;KAI;28;22
1118;Jessica Harvey;1996-04-08;L89163667;AZI;146;37
1119;Kimberly Brown;1999-09-02;H50641909;XLE;28;51
1120;Gabriel Palmer;1981-08-18;O88716397;LUD;121;31
1121;Jeffrey Roberts;1971-12-02;G16561693;IBE;25;19
1122;Jason Edwards;1975-02-09;J22810925;LRC;120;15
1123;Joe Cabrera;1994-08-13;O98651462;KEA;18;25
1124;Jacob Duran;1988-02-25;A85793465;UAN;66;17
1125;Danny Pratt;1998-10-31;E10934506;UCA;33;36
1126;Matthew Walsh;1993-09-20;S26547035;LAT;70;46
1127;Danny Pratt;1998-10-31;E10934506;KAI;55;47
1128;Joe Cabrera;1994-08-13;O98651462;LAT;129;25
1129;Jason Edwards;1975-02-09;J22810925;ETA;109;15
1130;Jessica Harvey;1996-04-08;L89163667;AZI;86;37
1131;Gabriel Palmer;1981-08-18;O88716397;EAL;121;40
1132;Gene Obrien;1999-07-02;Q49180524;KEA;83;0
1133;Danny Pratt;1998-10-31;E10934506;EAL;80;47
1134;Jacob Duran;1988-02-25;A85793465;NCY;2;48
1135;Jeffrey Roberts;1971-12-02;G16561693;ETA;30;19
1136;Matthew Walsh;1993-09-20;S26547035;LRC;88;46
1137;John Ross;1979-03-16;F40422038;UAN;126;29
1138;Eric Phelps;1994-10-01;B96464671;ETA;104;35
1139;Jeffrey Roberts;1971-12-02;G16561693;LUD;93;19
1140;Latasha Nelson;1986-05-09;V51246373;LRC;116;49
1141;Jacob Duran;1988-02-25;A85793465;BTA;65;48
1142;Kimberly Brown;1999-09-02;H50641909;KAI;54;22
1143;Matthew Walsh;1993-09-20;S26547035;IBE;24;12
1144;Jacob Duran;1988-02-25;A85793465;COG;74;17
1145;Matthew Walsh;1993-09-20;S26547035;IBE;134;46
1146;Jacob Duran;1988-02-25;A85793465;EAL;13;17
1147;Eric Phelps;1994-10-01;B96464671;IBE;147;35
1148;Matthew Walsh;1993-09-20;S26547035;LRC;24;46
1149;Matthew Walsh;1993-09-20;S26547035;EAL;134;12
1150;Gabriel Palmer;1981-08-18;O88716397;LUD;117;40
1151;Jeffrey Roberts;1971-12-02;G16561693;LUD;30;19
1152;Linda Warren;1975-03-13;L01109034;ETA;127;50
1153;Gene Obrien;1999-07-02;Q49180524;AZI;138;0
1154;Jacob Duran;1988-02-25;A85793465;LAM;74;17
1155;Jacob Duran;1988-02-25;A85793465;AZI;108;17
1156;Jason Edwards;1975-02-09;J22810925;IBE;120;15
1157;Gabriel Palmer;1981-08-18;O88716397;LUD;117;31
1158;Laura Ward;1981-01-23;I74549867;LAT;118;28
1159;Jacob Duran;1988-02-25;A85793465;LAW;13;48
1160;Jason Edwards;1975-02-09;J22810925;IBE;0;15
1161;Jacob Duran;1988-02-25;A85793465;COG;108;17
1162;Joe Cabrera;1994-08-13;O98651462;KEA;82;25
1163;Jacob Duran;1988-02-25;A85793465;KAI;39;17
1164;Joe Cabrera;1994-08-13;O98651462;QAF;96;25
1165;Jessica Harvey;1996-04-08;L89163667;NCY;107;37
1166;Jason Edwards;1975-02-09;J22810925;ETA;56;45
1167;Jason Edwards;1975-02-09;J22810925;IBE;109;45
1168;Jacob Duran;1988-02-25;A85793465;LAW;53;48
1169;Jacob Duran;1988-02-25;A85793465;BTA;51;48
1170;Linda Warren;1975-03-13;L01109034;ETA;23;50
1171;Joe Cabrera;1994-08-13;O98651462;KEA;15;25
1172;Jason Edwards;1975-02-09;J22810925;ADC;119;45
1173;Jacob Duran;1988-02-25;A85793465;KEA;66;48
1174;Ronald Monroe;1984-09-12;C02131672;LUD;6;41
1175;Jason Edwards;1975-02-09;J22810925;XLE;67;15
1176;Joe Cabrera;1994-08-13;O98651462;COG;3;25
1177;Matthew Walsh;1993-09-20;S26547035;LAM;44;12
1178;Danny Pratt;1998-10-31;E10934506;KAI;81;47
1179;Danny Pratt;1998-10-31;E10934506;ADC;139;36
1180;Linda Warren;1975-03-13;L01109034;ETA;10;50
1181;Jacob Duran;1988-02-25;A85793465;QAF;2;17
1182;Jacob Duran;1988-02-25;A85793465;EAL;66;48
1183;Jeffrey Roberts;1971-12-02;G16561693;ETA;25;19
1184;Latasha Nelson;1986-05-09;V51246373;NCY;92;49
1185;Jacob Duran;1988-02-25;A85793465;AZI;51;17
1186;Jacob Duran;1988-02-25;A85793465;LAW;48;48
1187;Danny Pratt;1998-10-31;E10934506;KAI;29;47
1188;Jason Edwards;1975-02-09;J22810925;ETA;12;45
1189;Joe Cabrera;1994-08-13;O98651462;LAW;35;25
1190;Kimberly Brown;1999-09-02;H50641909;XLE;54;51
1191;Jacob Duran;1988-02-25;A85793465;NCY;65;48
1192;Jason Edwards;1975-02-09;J22810925;UCA;45;15
1193;Danny Pratt;1998-10-31;E10934506;BTA;72;47
1194;Jacob Duran;1988-02-25;A85793465;KAI;66;17
1195;Jacob Duran;1988-02-25;A85793465;NCY;108;48
1196;Ronald Monroe;1984-09-12;C02131672;QAF;47;41
1197;Jason Edwards;1975-02-09;J22810925;ADC;131;45
1198;Danny Pratt;1998-10-31;E10934506;XLE;137;47
1199;Jacob Duran;1988-02-25;A85793465;BTA;31;17
1200;Danny Pratt;1998-10-31;E10934506;XLE;81;36
1201;Ronald Monroe;1984-09-12;C02131672;COG;73;2
1202;Jacob Duran;1988-02-25;A85793465;NCY;2;17
1203;Jacob Duran;1988-02-25;A85793465;UAN;74;48
1204;Curtis Gutierrez;1974-03-14;Q46419538;AZI;40;7
1205;Jacob Duran;1988-02-25;A85793465;KAI;108;17
1206;Gene Obrien;1999-07-02;Q49180524;KAI;49;0
1207;Joe Cabrera;1994-08-13;O98651462;COG;113;25
1208;Danny Pratt;1998-10-31;E10934506;UCA;37;36
1209;Matthew Walsh;1993-09-20;S26547035;IBE;88;46
1210;Matthew Walsh;1993-09-20;S26547035;LAT;24;12
1211;Gabriel Palmer;1981-08-18;O88716397;LUD;64;40
1212;Jacob Duran;1988-02-25;A85793465;LAM;51;17
1213;Jacob Duran;1988-02-25;A85793465;AZI;98;48
1214;Latasha Nelson;1986-05-09;V51246373;NCY;122;49
1215;Jason Edwards;1975-02-09;J22810925;LUD;0;45
1216;Ronald Monroe;1984-09-12;C02131672;LUD;47;2
1217;Laura Ward;1981-01-23;I74549867;LAT;36;28
1218;Kimberly Brown;1999-09-02;H50641909;KAI;136;51
1219;Jacob Duran;1988-02-25;A85793465;AZI;48;48
1220;Jacob Duran;1988-02-25;A85793465;QAF;108;48
1221;Jacob Duran;1988-02-25;A85793465;COG;31;48
1222;Ronald Monroe;1984-09-12;C02131672;LUD;89;2
1223;Linda Warren;1975-03-13;L01109034;NCY;57;50
1224;Jacob Duran;1988-02-25;A85793465;LAW;2;17
1225;Joe Cabrera;1994-08-13;O98651462;KEA;129;25
1226;Alex Deleon;1979-10-03;A35692355;LAM;76;11
1227;Jacob Duran;1988-02-25;A85793465;LAW;65;48
1228;Curtis Gutierrez;1974-03-14;Q46419538;KAI;103;7
1229;Jacob Duran;1988-02-25;A85793465;KAI;48;48
1230;Joe Cabrera;1994-08-13;O98651462;BTA;3;25
1231;Gene Obrien;1999-07-02;Q49180524;AZI;101;0
1232;Jeffrey Roberts;1971-12-02;G16561693;LUD;124;19
1233;Jason Edwards;1975-02-09;J22810925;ADC;45;15
1234;Gabriel Palmer;1981-08-18;O88716397;LUD;77;40
1235;Jacob Duran;1988-02-25;A85793465;AZI;13;48
1236;Jeffrey Roberts;1971-12-02;G16561693;ETA;50;19
1237;Jacob Duran;1988-02-25;A85793465;LAW;98;17
1238;Joe Cabrera;1994-08-13;O98651462;QAF;15;25
1239;Jason Edwards;1975-02-09;J22810925;ETA;119;45
1240;Jason Edwards;1975-02-09;J22810925;LAM;119;45
1241;Joe Cabrera;1994-08-13;O98651462;KEA;4;25
1242;Curtis Gutierrez;1974-03-14;Q46419538;NCY;40;7
1243;Kimberly Brown;1999-09-02;H50641909;XLE;115;51
1244;Linda Warren;1975-03-13;L01109034;XLE;57;50
1245;Gabriel Palmer;1981-08-18;O88716397;LUD;64;31
1246;Jacob Duran;1988-02-25;A85793465;AZI;74;17
1247;Jason Edwards;1975-02-09;J22810925;XLE;56;15
1248;Jason Edwards;1975-02-09;J22810925;MPH;67;15
1249;Danny Pratt;1998-10-31;E10934506;EAL;144;47
1250;Jason Edwards;1975-02-09;J22810925;ETA;56;15
1251;Linda Warren;1975-03-13;L01109034;LAW;71;50
1252;Jason Edwards;1975-02-09;J22810925;UCA;131;15
1253;Kimberly Brown;1999-09-02;H50641909;ADC;136;51
1254;Kimberly Brown;1999-09-02;H50641909;COG;43;51
1255;Curtis Gutierrez;1974-03-14;Q46419538;AZI;87;7
1256;Joe Cabrera;1994-08-13;O98651462;COG;18;25
1257;Laura Ward;1981-01-23;I74549867;COG;114;28
1258;Jason Edwards;1975-02-09;J22810925;MPH;12;45
1259;Jason Edwards;1975-02-09;J22810925;UCA;119;45
1260;Kimberly Brown;1999-09-02;H50641909;KAI;140;22
1261;Jacob Duran;1988-02-25;A85793465;NCY;65;17
1262;Jacob Duran;1988-02-25;A85793465;EAL;39;48
1263;Curtis Gutierrez;1974-03-14;Q46419538;ADC;103;7
1264;Jason Edwards;1975-02-09;J22810925;LUD;119;15
1265;Joe Cabrera;1994-08-13;O98651462;LAW;32;25
1266;Jason Edwards;1975-02-09;J22810925;LUD;110;45
1267;Jessica Harvey;1996-04-08;L89163667;IBE;107;37
1268;Ronald Monroe;1984-09-12;C02131672;LUD;34;2
1269;Danny Pratt;1998-10-31;E10934506;XLE;91;36
1270;Danny Pratt;1998-10-31;E10934506;XLE;144;47
1271;Danny Pratt;1998-10-31;E10934506;UCA;80;36
1272;Jacob Duran;1988-02-25;A85793465;LAM;98;17
1273;Jacob Duran;1988-02-25;A85793465;LAM;2;48
1274;Kimberly Brown;1999-09-02;H50641909;XLE;133;51
1275;Danny Pratt;1998-10-31;E10934506;XLE;139;36
1276;Danny Pratt;1998-10-31;E10934506;KAI;33;36
1277;Jessica Harvey;1996-04-08;L89163667;NCY;60;37
1278;Kimberly Brown;1999-09-02;H50641909;COG;28;22
1279;Matthew Walsh;1993-09-20;S26547035;EAL;88;12
1280;Ronald Monroe;1984-09-12;C02131672;LUD;47;41
1281;Jason Edwards;1975-02-09;J22810925;LUD;131;45
1282;Jason Edwards;1975-02-09;J22810925;LAT;120;15
1283;Danny Pratt;1998-10-31;E10934506;ADC;81;47
1284;Jacob Duran;1988-02-25;A85793465;KAI;17;48
1285;Jason Edwards;1975-02-09;J22810925;ADC;67;15
1286;Jason Edwards;1975-02-09;J22810925;XLE;119;15
1287;Danny Pratt;1998-10-31;E10934506;BTA;137;36
1288;Joe Cabrera;1994-08-13;O98651462;LAT;82;25
1289;Jacob Duran;1988-02-25;A85793465;LAM;108;17
1290;Danny Pratt;1998-10-31;E10934506;UCA;137;36
1291;Jacob Duran;1988-02-25;A85793465;KEA;48;17
1292;Danny Pratt;1998-10-31;E10934506;UCA;145;36
1293;Danny Pratt;1998-10-31;E10934506;EAL;139;47
1294;Jason Edwards;1975-02-09;J22810925;MPH;109;45
1295;Joe Cabrera;1994-08-13;O98651462;KEA;35;25
1296;Kimberly Brown;1999-09-02;H50641909;IBE;133;22
1297;Joe Cabrera;1994-08-13;O98651462;BTA;113;25
1298;Latasha Nelson;1986-05-09;V51246373;MPH;116;49
1299;Jason Edwards;1975-02-09;J22810925;LUD;109;45
1300;Jason Edwards;1975-02-09;J22810925;LAM;110;45
1301;Jessica Harvey;1996-04-08;L89163667;UCA;86;37
1302;Jason Edwards;1975-02-09;J22810925;ETA;120;15
1303;Matthew Walsh;1993-09-20;S26547035;LAM;70;46
1304;Ronald Monroe;1984-09-12;C02131672;LAM;73;2
1305;Jason Edwards;1975-02-09;J22810925;LRC;119;45
1306;Danny Pratt;1998-10-31;E10934506;ADC;81;36
1307;Jacob Duran;1988-02-25;A85793465;COG;31;17
1308;Eric Phelps;1994-10-01;B96464671;IBE;58;35
1309;Jason Edwards;1975-02-09;J22810925;LAT;56;45
1310;Linda Warren;1975-03-13;L01109034;XLE;9;50
1311;Jason Edwards;1975-02-09;J22810925;ADC;56;15
1312;John Ross;1979-03-16;F40422038;MPH;106;29
1313;Jacob Duran;1988-02-25;A85793465;LAM;39;17
1314;Ronald Monroe;1984-09-12;C02131672;QAF;89;41
1315;Ronald Monroe;1984-09-12;C02131672;COG;89;2
1316;Ronald Monroe;1984-09-12;C02131672;AZI;73;2
1317;Eric Phelps;1994-10-01;B96464671;ETA;84;35
1318;Joe Cabrera;1994-08-13;O98651462;LAT;3;25
1319;Laura Ward;1981-01-23;I74549867;EAL;118;28
1320;Ronald Monroe;1984-09-12;C02131672;QAF;73;41
1321;Jeffrey Roberts;1971-12-02;G16561693;KEA;50;19
1322;Curtis Gutierrez;1974-03-14;Q46419538;NCY;68;7
1323;Joe Cabrera;1994-08-13;O98651462;BTA;16;25
1324;Curtis Gutierrez;1974-03-14;Q46419538;BTA;87;7
1325;Jason Edwards;1975-02-09;J22810925;LRC;109;15
1326;Jacob Duran;1988-02-25;A85793465;AZI;2;48
1327;Danny Pratt;1998-10-31;E10934506;EAL;80;36
1328;Jason Edwards;1975-02-09;J22810925;LRC;131;15
1329;Danny Pratt;1998-10-31;E10934506;ADC;33;36
1330;Danny Pratt;1998-10-31;E10934506;EAL;144;36
1331;Danny Pratt;1998-10-31;E10934506;ADC;137;47
1332;Matthew Walsh;1993-09-20;S26547035;LAT;134;46
1333;Gene Obrien;1999-07-02;Q49180524;KEA;101;0
1334;Jacob Duran;1988-02-25;A85793465;EAL;98;17
1335;Danny Pratt;1998-10-31;E10934506;KAI;128;47
1336;Jacob Duran;1988-02-25;A85793465;UAN;108;48
1337;Jason Edwards;1975-02-09;J22810925;XLE;120;45
1338;Danny Pratt;1998-10-31;E10934506;ADC;144;47
1339;Danny Pratt;1998-10-31;E10934506;BTA;144;47
1340;Jacob Duran;1988-02-25;A85793465;AZI;66;48
1341;Mr. James Baxter;1982-05-03;H06267236;LAT;11;52
1342;John Ross;1979-03-16;F40422038;QAF;27;29
1343;Jason Edwards;1975-02-09;J22810925;ADC;109;45
1344;Kimberly Brown;1999-09-02;H50641909;COG;61;51
1345;Jacob Duran;1988-02-25;A85793465;COG;39;17
1346;Kimberly Brown;1999-09-02;H50641909;ADC;28;51
1347;Jacob Duran;1988-02-25;A85793465;KEA;53;17
1348;Ronald Monroe;1984-09-12;C02131672;UAN;42;2